"control_id","title","family","control_type","sortId","uuid","description"
"AC-2(11)","AC-02(11) - Usage Conditions","Access Control","","ac-02.11","35903250-430b-42d4-b3ef-fcc3a6c652d5"," Enforce {{ insert: param, AC-2(11)-1 }} for {{ insert: param, AC-2(11)-2 }}.   Guidance  Specifying and enforcing usage conditions helps to enforce the principle of least privilege, increase user accountability, and enable effective account monitoring. Account monitoring includes alerts generated if the account is used in violation of organizational parameters. Organizations can describe specific conditions or circumstances under which system accounts can be used, such as by restricting usage to certain days of the week, time of day, or specific durations of time. "
"AC-4(4)","AC-04(04) - Flow Control of Encrypted Information","Access Control","","ac-04.04","458e6e32-0830-4b9f-8ae7-1a8d209d95bf"," Prevent encrypted information from bypassing {{ insert: param, AC-4(4)-1 }} by {{ insert: param, AC-4(4)-2 }}.   Guidance  Flow control mechanisms include content checking, security policy filters, and data type identifiers. The term encryption is extended to cover encoded data not recognized by filtering mechanisms.   AC-4 (4) Additional FedRAMP Requirements and Guidance <b>Requirement:</b> The service provider must support Agency requirements to comply with M-21-31 (https://www.whitehouse.gov/wp-content/uploads/2021/08/M-21-31-Improving-the-Federal-Governments-Investigative-and-Remediation-Capabilities-Related-to-Cybersecurity-Incidents.pdf) and M-22-09 (https://www.whitehouse.gov/wp-content/uploads/2022/01/M-22-09.pdf). "
"AC-6(3)","AC-06(03) - Network Access to Privileged Commands","Access Control","","ac-06.03","6f7f4045-05fd-4de1-ae1c-2e9a9c918b00"," Authorize network access to {{ insert: param, AC-6(3)-1 }} only for {{ insert: param, AC-6(3)-2 }} and document the rationale for such access in the security plan for the system.   Guidance  Network access is any access across a network connection in lieu of local access (i.e., user being physically present at the device). "
"AC-6(8)","AC-06(08) - Privilege Levels for Code Execution","Access Control","","ac-06.08","9d048f93-a8b7-4986-8ff9-1a97737e70d1"," Prevent the following software from executing at higher privilege levels than users executing the software: {{ insert: param, AC-6(8) }}.   Guidance  In certain situations, software applications or programs need to execute with elevated privileges to perform required functions. However, depending on the software functionality and configuration, if the privileges required for execution are at a higher level than the privileges assigned to organizational users invoking such applications or programs, those users may indirectly be provided with greater privileges than assigned. "
"AC-10","AC-10 - Concurrent Session Control","Access Control","","ac-10","ff5dad93-4d1c-4590-8856-2a278fad7b17"," Limit the number of concurrent sessions for each {{ insert: param, AC-10-1 }} to {{ insert: param, AC-10-2 }}.   Guidance  Organizations may define the maximum number of concurrent sessions for system accounts globally, by account type, by account, or any combination thereof. For example, organizations may limit the number of concurrent sessions for system administrators or other individuals working in particularly sensitive domains or mission-critical applications. Concurrent session control addresses concurrent sessions for system accounts. It does not, however, address concurrent sessions by single users via multiple system accounts. "
"AC-18(4)","AC-18(04) - Restrict Configurations by Users","Access Control","","ac-18.04","340f4691-19bb-4aae-b48f-653c1804c831"," Identify and explicitly authorize users allowed to independently configure wireless networking capabilities.   Guidance  Organizational authorizations to allow selected users to configure wireless networking capabilities are enforced, in part, by the access enforcement mechanisms employed within organizational systems. "
"AC-18(5)","AC-18(05) - Antennas and Transmission Power Levels","Access Control","","ac-18.05","fc4dc506-1f65-44d3-a443-f2b6c939f579"," Select radio antennas and calibrate transmission power levels to reduce the probability that signals from wireless access points can be received outside of organization-controlled boundaries.   Guidance  Actions that may be taken to limit unauthorized use of wireless communications outside of organization-controlled boundaries include reducing the power of wireless transmissions so that the transmissions are less likely to emit a signal that can be captured outside of the physical perimeters of the organization, employing measures such as emissions security to control wireless emanations, and using directional or beamforming antennas that reduce the likelihood that unintended receivers will be able to intercept signals. Prior to taking such mitigating actions, organizations can conduct periodic wireless surveys to understand the radio frequency profile of organizational systems as well as other systems that may be operating in the area. "
"AU-5(1)","AU-05(01) - Storage Capacity Warning","Audit and Accountability","","au-05.01","24ecf293-fdb5-43c4-9507-e36fad8b4048"," Provide a warning to {{ insert: param, AU-5(1)-1 }} within {{ insert: param, AU-5(1)-2 }} when allocated audit log storage volume reaches {{ insert: param, AU-5(1)-3 }} of repository maximum audit log storage capacity.   Guidance  Organizations may have multiple audit log storage repositories distributed across multiple system components with each repository having different storage volume capacities. "
"AU-5(2)","AU-05(02) - Real-time Alerts","Audit and Accountability","","au-05.02","a76f5bef-b9a4-4472-9192-6f98fb132927"," Provide an alert within {{ insert: param, AU-5(2)-1 }} to {{ insert: param, AU-5(2)-2 }} when the following audit failure events occur: {{ insert: param, AU-5(2)-3 }}.   Guidance  Alerts provide organizations with urgent messages. Real-time alerts provide these messages at information technology speed (i.e., the time from event detection to alert occurs in seconds or less). "
"AU-6(4)","AU-06(04) - Central Review and Analysis","Audit and Accountability","","au-06.04","1dc6fc7e-5a44-4e50-942a-e079f819df43"," Provide and implement the capability to centrally review and analyze audit records from multiple components within the system.   Guidance  Automated mechanisms for centralized reviews and analyses include Security Information and Event Management products. "
"AU-6(5)","AU-06(05) - Integrated Analysis of Audit Records","Audit and Accountability","","au-06.05","cac452e3-66ce-4b76-9239-81384f6852c4"," Integrate analysis of audit records with analysis of {{ insert: param, AU-6(5) }} to further enhance the ability to identify inappropriate or unusual activity.   Guidance  Integrated analysis of audit records does not require vulnerability scanning, the generation of performance data, or system monitoring. Rather, integrated analysis requires that the analysis of information generated by scanning, monitoring, or other data collection activities is integrated with the analysis of audit record information. Security Information and Event Management tools can facilitate audit record aggregation or consolidation from multiple system components as well as audit record correlation and analysis. The use of standardized audit record analysis scripts developed by organizations (with localized script adjustments, as necessary) provides more cost-effective approaches for analyzing audit record information collected. The correlation of audit record information with vulnerability scanning information is important in determining the veracity of vulnerability scans of the system and in correlating attack detection events with scanning results. Correlation with performance data can uncover denial-of-service attacks or other types of attacks that result in the unauthorized use of resources. Correlation with system monitoring information can assist in uncovering attacks and in better relating audit information to operational situations. "
"AU-6(6)","AU-06(06) - Correlation with Physical Monitoring","Audit and Accountability","","au-06.06","cda5d2f9-53c3-40a0-b72c-0a3204b01db8"," Correlate information from audit records with information obtained from monitoring physical access to further enhance the ability to identify suspicious, inappropriate, unusual, or malevolent activity.   Guidance  The correlation of physical audit record information and the audit records from systems may assist organizations in identifying suspicious behavior or supporting evidence of such behavior. For example, the correlation of an individual’s identity for logical access to certain systems with the additional physical security information that the individual was present at the facility when the logical access occurred may be useful in investigations.   AU-6 (6) Additional FedRAMP Requirements and Guidance <b>Requirement:</b> Coordination between service provider and consumer shall be documented and accepted by the JAB/AO. "
"AU-6(7)","AU-06(07) - Permitted Actions","Audit and Accountability","","au-06.07","b4734aa9-c3e9-4f82-8865-84e320bd247e"," Specify the permitted actions for each {{ insert: param, AU-6(7) }} associated with the review, analysis, and reporting of audit record information.   Guidance  Organizations specify permitted actions for system processes, roles, and users associated with the review, analysis, and reporting of audit records through system account management activities. Specifying permitted actions on audit record information is a way to enforce the principle of least privilege. Permitted actions are enforced by the system and include read, write, execute, append, and delete. "
"AU-9(2)","AU-09(02) - Store on Separate Physical Systems or Components","Audit and Accountability","","au-09.02","5bf48b96-04aa-4e47-8155-a158242fa5db"," Store audit records {{ insert: param, AU-9(2) }} in a repository that is part of a physically different system or system component than the system or component being audited.   Guidance  Storing audit records in a repository separate from the audited system or system component helps to ensure that a compromise of the system being audited does not also result in a compromise of the audit records. Storing audit records on separate physical systems or components also preserves the confidentiality and integrity of audit records and facilitates the management of audit records as an organization-wide activity. Storing audit records on separate systems or components applies to initial generation as well as backup or long-term storage of audit records. "
"AU-9(3)","AU-09(03) - Cryptographic Protection","Audit and Accountability","","au-09.03","62a79a69-3a88-43e8-8487-1e083b1b3f98"," Implement cryptographic mechanisms to protect the integrity of audit information and audit tools.   Guidance  Cryptographic mechanisms used for protecting the integrity of audit information include signed hash functions using asymmetric cryptography. This enables the distribution of the public key to verify the hash information while maintaining the confidentiality of the secret key used to generate the hash.   AU-9 (3) Additional FedRAMP Requirements and Guidance <b>Guidance:</b> Note that this enhancement requires the use of cryptography which must be compliant with Federal requirements and utilize FIPS validated or NSA approved cryptography (see SC-13.) "
"AU-10","AU-10 - Non-repudiation","Audit and Accountability","","au-10","5043f4ae-16cb-45f7-9ee8-3bd75f58dcf2"," Provide irrefutable evidence that an individual (or process acting on behalf of an individual) has performed {{ insert: param, AU-10 }}.   Guidance  Types of individual actions covered by non-repudiation include creating information, sending and receiving messages, and approving information. Non-repudiation protects against claims by authors of not having authored certain documents, senders of not having transmitted messages, receivers of not having received messages, and signatories of not having signed documents. Non-repudiation services can be used to determine if information originated from an individual or if an individual took specific actions (e.g., sending an email, signing a contract, approving a procurement request, or receiving specific information). Organizations obtain non-repudiation services by employing various techniques or mechanisms, including digital signatures and digital message receipts. "
"AU-12(1)","AU-12(01) - System-wide and Time-correlated Audit Trail","Audit and Accountability","","au-12.01","bb4dda7c-a059-4fe0-b044-a1f2033295cc"," Compile audit records from {{ insert: param, AU-12(1)-1 }} into a system-wide (logical or physical) audit trail that is time-correlated to within {{ insert: param, AU-12(1)-2 }}.   Guidance  Audit trails are time-correlated if the time stamps in the individual audit records can be reliably related to the time stamps in other audit records to achieve a time ordering of the records within organizational tolerances. "
"AU-12(3)","AU-12(03) - Changes by Authorized Individuals","Audit and Accountability","","au-12.03","d02c5bd8-4716-4469-9b2a-85c3865ec878"," Provide and implement the capability for {{ insert: param, AU-12(3)-1 }} to change the logging to be performed on {{ insert: param, AU-12(3)-2 }} based on {{ insert: param, AU-12(3)-3 }} within {{ insert: param, AU-12(3)-4 }}.   Guidance  Permitting authorized individuals to make changes to system logging enables organizations to extend or limit logging as necessary to meet organizational requirements. Logging that is limited to conserve system resources may be extended (either temporarily or permanently) to address certain threat situations. In addition, logging may be limited to a specific set of event types to facilitate audit reduction, analysis, and reporting. Organizations can establish time thresholds in which logging actions are changed (e.g., near real-time, within minutes, or within hours). "
"CA-2(2)","CA-02(02) - Specialized Assessments","Assessment, Authorization, and Monitoring","","ca-02.02","56c2db8a-07d2-400a-bf9c-78bae21892db"," Include as part of control assessments, {{ insert: param, CA-2(2)-1 }}, {{ insert: param, CA-2(2)-2 }}, {{ insert: param, CA-2(2)-3 }}.   Guidance  Organizations can conduct specialized assessments, including verification and validation, system monitoring, insider threat assessments, malicious user testing, and other forms of testing. These assessments can improve readiness by exercising organizational capabilities and indicating current levels of performance as a means of focusing actions to improve security and privacy. Organizations conduct specialized assessments in accordance with applicable laws, executive orders, directives, regulations, policies, standards, and guidelines. Authorizing officials approve the assessment methods in coordination with the organizational risk executive function. Organizations can include vulnerabilities uncovered during assessments into vulnerability remediation processes. Specialized assessments can also be conducted early in the system development life cycle (e.g., during initial design, development, and unit testing).   CA-2 (2) Additional FedRAMP Requirements and Guidance <b>Requirement:</b> To include 'announced', 'vulnerability scanning' "
"CA-3(6)","CA-03(06) - Transfer Authorizations","Assessment, Authorization, and Monitoring","","ca-03.06","68721f44-874e-4cc7-852e-1b1defd5fa0a"," Verify that individuals or systems transferring data between interconnecting systems have the requisite authorizations (i.e., write permissions or privileges) prior to accepting such data.   Guidance  To prevent unauthorized individuals and systems from making information transfers to protected systems, the protected system verifies—via independent means— whether the individual or system attempting to transfer information is authorized to do so. Verification of the authorization to transfer information also applies to control plane traffic (e.g., routing and DNS) and services (e.g., authenticated SMTP relays). "
"CM-3(1)","CM-03(01) - Automated Documentation, Notification, and Prohibition of Changes","Configuration Management","","cm-03.01","f48b3e2a-7955-44a4-bfde-6a8f53daff52"," Use {{ insert: param, CM-3(1) }} to: (a) Document proposed changes to the system; (b) Notify {{ insert: param, CM-3(1)(b) }} of proposed changes to the system and request change approval; (c) Highlight proposed changes to the system that have not been approved or disapproved within {{ insert: param, CM-3(1)(c) }}; (d) Prohibit changes to the system until designated approvals are received; (e) Document all changes to the system; and (f) Notify {{ insert: param, CM-3(1)(f) }} when approved changes to the system are completed.   Guidance  None. "
"CM-3(6)","CM-03(06) - Cryptography Management","Configuration Management","","cm-03.06","84d1f14a-833e-49da-8a0f-6d86f4e55cb7"," Ensure that cryptographic mechanisms used to provide the following controls are under configuration management: {{ insert: param, CM-3(6) }}.   Guidance  The controls referenced in the control enhancement refer to security and privacy controls from the control catalog. Regardless of the cryptographic mechanisms employed, processes and procedures are in place to manage those mechanisms. For example, if system components use certificates for identification and authentication, a process is implemented to address the expiration of those certificates. "
"CM-4(1)","CM-04(01) - Separate Test Environments","Configuration Management","","cm-04.01","310618fa-5935-4da5-bf41-ffbace8db84c"," Analyze changes to the system in a separate test environment before implementation in an operational environment, looking for security and privacy impacts due to flaws, weaknesses, incompatibility, or intentional malice.   Guidance  A separate test environment requires an environment that is physically or logically separate and distinct from the operational environment. The separation is sufficient to ensure that activities in the test environment do not impact activities in the operational environment and that information in the operational environment is not inadvertently transmitted to the test environment. Separate environments can be achieved by physical or logical means. If physically separate test environments are not implemented, organizations determine the strength of mechanism required when implementing logical separation. "
"CM-6(2)","CM-06(02) - Respond to Unauthorized Changes","Configuration Management","","cm-06.02","5c2ffb65-dcfb-4078-b2bb-7aa206bd9461"," Take the following actions in response to unauthorized changes to {{ insert: param, CM-6(2)-1 }}: {{ insert: param, CM-6(2)-2 }}.   Guidance  Responses to unauthorized changes to configuration settings include alerting designated organizational personnel, restoring established configuration settings, or—in extreme cases—halting affected system processing. "
"CM-8(2)","CM-08(02) - Automated Maintenance","Configuration Management","","cm-08.02","16da3e53-26a5-4072-8584-e09bd551ec7e"," Maintain the currency, completeness, accuracy, and availability of the inventory of system components using {{ insert: param, CM-8(2) }}.   Guidance  Organizations maintain system inventories to the extent feasible. For example, virtual machines can be difficult to monitor because such machines are not visible to the network when not in use. In such cases, organizations maintain as up-to-date, complete, and accurate an inventory as is deemed reasonable. Automated maintenance can be achieved by the implementation of <a href=""#cm-2.2"">CM-2(2)</a> for organizations that combine system component inventory and baseline configuration activities. "
"CM-8(4)","CM-08(04) - Accountability Information","Configuration Management","","cm-08.04","c8edb211-7b3f-4eca-907d-dc7b321d32d2"," Include in the system component inventory information, a means for identifying by {{ insert: param, CM-8(4) }} , individuals responsible and accountable for administering those components.   Guidance  Identifying individuals who are responsible and accountable for administering system components ensures that the assigned components are properly administered and that organizations can contact those individuals if some action is required (e.g., when the component is determined to be the source of a breach, needs to be recalled or replaced, or needs to be relocated). "
"CM-14","CM-14 - Signed Components","Configuration Management","","cm-14","77de3589-39ad-46a8-9e24-890b09aea6f7"," Prevent the installation of {{ insert: param, CM-14 }} without verification that the component has been digitally signed using a certificate that is recognized and approved by the organization.   Guidance  Software and firmware components prevented from installation unless signed with recognized and approved certificates include software and firmware version updates, patches, service packs, device drivers, and basic input/output system updates. Organizations can identify applicable software and firmware components by type, by specific items, or a combination of both. Digital signatures and organizational verification of such signatures is a method of code authentication. "
"CP-2(2)","CP-02(02) - Capacity Planning","Contingency Planning","","cp-02.02","31b00943-4069-4ffc-850e-6ec3f3e30c7a"," Conduct capacity planning so that necessary capacity for information processing, telecommunications, and environmental support exists during contingency operations.   Guidance  Capacity planning is needed because different threats can result in a reduction of the available processing, telecommunications, and support services intended to support essential mission and business functions. Organizations anticipate degraded operations during contingency operations and factor the degradation into capacity planning. For capacity planning, environmental support refers to any environmental factor for which the organization determines that it needs to provide support in a contingency situation, even if in a degraded state. Such determinations are based on an organizational assessment of risk, system categorization (impact level), and organizational risk tolerance. "
"CP-2(5)","CP-02(05) - Continue Mission and Business Functions","Contingency Planning","","cp-02.05","87fc58e4-f5de-4393-8650-27f88ae84d0a"," Plan for the continuance of {{ insert: param, CP-2(5) }} mission and business functions with minimal or no loss of operational continuity and sustains that continuity until full system restoration at primary processing and/or storage sites.   Guidance  Organizations may choose to conduct the contingency planning activities to continue mission and business functions as part of business continuity planning or business impact analyses. Primary processing and/or storage sites defined by organizations as part of contingency planning may change depending on the circumstances associated with the contingency. "
"CP-3(1)","CP-03(01) - Simulated Events","Contingency Planning","","cp-03.01","063524ab-d282-4daa-8177-c36a31fc0d39"," Incorporate simulated events into contingency training to facilitate effective response by personnel in crisis situations.   Guidance  The use of simulated events creates an environment for personnel to experience actual threat events, including cyber-attacks that disable websites, ransomware attacks that encrypt organizational data on servers, hurricanes that damage or destroy organizational facilities, or hardware or software failures. "
"CP-4(2)","CP-04(02) - Alternate Processing Site","Contingency Planning","","cp-04.02","be125445-4f96-4066-92ec-4d9e59461712"," Test the contingency plan at the alternate processing site: (a) To familiarize contingency personnel with the facility and available resources; and (b) To evaluate the capabilities of the alternate processing site to support contingency operations.   Guidance  Conditions at the alternate processing site may be significantly different than the conditions at the primary site. Having the opportunity to visit the alternate site and experience the actual capabilities available at the site can provide valuable information on potential vulnerabilities that could affect essential organizational mission and business functions. The on-site visit can also provide an opportunity to refine the contingency plan to address the vulnerabilities discovered during testing. "
"CP-6(2)","CP-06(02) - Recovery Time and Recovery Point Objectives","Contingency Planning","","cp-06.02","80b3bbb9-7b0d-46e4-bff1-b1ec9d610344"," Configure the alternate storage site to facilitate recovery operations in accordance with recovery time and recovery point objectives.   Guidance  Organizations establish recovery time and recovery point objectives as part of contingency planning. Configuration of the alternate storage site includes physical facilities and the systems supporting recovery operations that ensure accessibility and correct execution. "
"CP-7(4)","CP-07(04) - Preparation for Use","Contingency Planning","","cp-07.04","b307b39c-6fac-4e1a-a187-82a8565201c7"," Prepare the alternate processing site so that the site can serve as the operational site supporting essential mission and business functions.   Guidance  Site preparation includes establishing configuration settings for systems at the alternate processing site consistent with the requirements for such settings at the primary site and ensuring that essential supplies and logistical considerations are in place. "
"CP-8(3)","CP-08(03) - Separation of Primary and Alternate Providers","Contingency Planning","","cp-08.03","7093940a-06db-4ba1-9491-c864fba34f97"," Obtain alternate telecommunications services from providers that are separated from primary service providers to reduce susceptibility to the same threats.   Guidance  Threats that affect telecommunications services are defined in organizational assessments of risk and include natural disasters, structural failures, cyber or physical attacks, and errors of omission or commission. Organizations can reduce common susceptibilities by minimizing shared infrastructure among telecommunications service providers and achieving sufficient geographic separation between services. Organizations may consider using a single service provider in situations where the service provider can provide alternate telecommunications services that meet the separation needs addressed in the risk assessment. "
"CP-8(4)","CP-08(04) - Provider Contingency Plan","Contingency Planning","","cp-08.04","567cdfcf-4d17-48b7-a279-3f7167611b24","(a) Require primary and alternate telecommunications service providers to have contingency plans; (b) Review provider contingency plans to ensure that the plans meet organizational contingency requirements; and (c) Obtain evidence of contingency testing and training by providers {{ insert: param, CP-8(4)(c) }}.   Guidance  Reviews of provider contingency plans consider the proprietary nature of such plans. In some situations, a summary of provider contingency plans may be sufficient evidence for organizations to satisfy the review requirement. Telecommunications service providers may also participate in ongoing disaster recovery exercises in coordination with the Department of Homeland Security and state and local governments. Organizations may use these types of activities to satisfy evidentiary requirements related to service provider contingency plan reviews, testing, and training. "
"CP-9(2)","CP-09(02) - Test Restoration Using Sampling","Contingency Planning","","cp-09.02","1121d637-40da-49a8-831f-b2e13ea10dd4"," Use a sample of backup information in the restoration of selected system functions as part of contingency plan testing.   Guidance  Organizations need assurance that system functions can be restored correctly and can support established organizational missions. To ensure that the selected system functions are thoroughly exercised during contingency plan testing, a sample of backup information is retrieved to determine whether the functions are operating as intended. Organizations can determine the sample size for the functions and backup information based on the level of assurance needed. "
"CP-9(3)","CP-09(03) - Separate Storage for Critical Information","Contingency Planning","","cp-09.03","f8e5ca5e-a860-4aae-b7e3-a5f0db3fc57a"," Store backup copies of {{ insert: param, CP-9(3) }} in a separate facility or in a fire rated container that is not collocated with the operational system.   Guidance  Separate storage for critical information applies to all critical information regardless of the type of backup storage media. Critical system software includes operating systems, middleware, cryptographic key management systems, and intrusion detection systems. Security-related information includes inventories of system hardware, software, and firmware components. Alternate storage sites, including geographically distributed architectures, serve as separate storage facilities for organizations. Organizations may provide separate storage by implementing automated backup processes at alternative storage sites (e.g., data centers). The General Services Administration (GSA) establishes standards and specifications for security and fire rated containers. "
"CP-9(5)","CP-09(05) - Transfer to Alternate Storage Site","Contingency Planning","","cp-09.05","ec412658-e135-4392-acc2-c153107706e8"," Transfer system backup information to the alternate storage site {{ insert: param, CP-9(5) }}.   Guidance  System backup information can be transferred to alternate storage sites either electronically or by the physical shipment of storage media. "
"CP-10(4)","CP-10(04) - Restore Within Time Period","Contingency Planning","","cp-10.04","38a0168a-d65c-49ed-bcdc-f014832d6e73"," Provide the capability to restore system components within {{ insert: param, CP-10(4) }} from configuration-controlled and integrity-protected information representing a known, operational state for the components.   Guidance  Restoration of system components includes reimaging, which restores the components to known, operational states. "
"IA-5(8)","IA-05(08) - Multiple System Accounts","Identification and Authentication","","ia-05.08","6a462329-e7e6-4734-bee6-751443b94893"," Implement {{ insert: param, IA-5(8) }} to manage the risk of compromise due to individuals having accounts on multiple systems.   Guidance  When individuals have accounts on multiple systems and use the same authenticators such as passwords, there is the risk that a compromise of one account may lead to the compromise of other accounts. Alternative approaches include having different authenticators (passwords) on all systems, employing a single sign-on or federation mechanism, or using some form of one-time passwords on all systems. Organizations can also use rules of behavior (see <a href=""#pl-4"">PL-4</a> ) and access agreements (see <a href=""#ps-6"">PS-6</a> ) to mitigate the risk of multiple system accounts.   IA-5 (8) Additional FedRAMP Requirements and Guidance <b>Guidance:</b> If a single user authentication domain is used to access multiple systems, such as in single-sign-on, then only a single authenticator is required. "
"IA-5(13)","IA-05(13) - Expiration of Cached Authenticators","Identification and Authentication","","ia-05.13","0a975d11-5680-4cde-a015-7ae512cb4957"," Prohibit the use of cached authenticators after {{ insert: param, IA-5(13) }}.   Guidance  Cached authenticators are used to authenticate to the local machine when the network is not available. If cached authentication information is out of date, the validity of the authentication information may be questionable.   IA-5 (13) Additional FedRAMP Requirements and Guidance <b>Guidance:</b> For components subject to configuration baseline(s) (such as STIG or CIS,) the time period should conform to the baseline standard. "
"IA-12(4)","IA-12(04) - In-person Validation and Verification","Identification and Authentication","","ia-12.04","19b4696b-4eb5-4e65-9e05-b913013bf970"," Require that the validation and verification of identity evidence be conducted in person before a designated registration authority.   Guidance  In-person proofing reduces the likelihood of fraudulent credentials being issued because it requires the physical presence of individuals, the presentation of physical identity documents, and actual face-to-face interactions with designated registration authorities. "
"IR-2(1)","IR-02(01) - Simulated Events","Incident Response","","ir-02.01","f8c2ee5d-7c5e-4f50-9527-d42b0e91ed77"," Incorporate simulated events into incident response training to facilitate the required response by personnel in crisis situations.   Guidance  Organizations establish requirements for responding to incidents in incident response plans. Incorporating simulated events into incident response training helps to ensure that personnel understand their individual responsibilities and what specific actions to take in crisis situations. "
"IR-2(2)","IR-02(02) - Automated Training Environments","Incident Response","","ir-02.02","7327d296-0520-4383-8936-7e5fe86e3e91"," Provide an incident response training environment using {{ insert: param, IR-2(2) }}.   Guidance  Automated mechanisms can provide a more thorough and realistic incident response training environment. This can be accomplished, for example, by providing more complete coverage of incident response issues, selecting more realistic training scenarios and environments, and stressing the response capability. "
"IR-4(2)","IR-04(02) - Dynamic Reconfiguration","Incident Response","","ir-04.02","e9c265a1-b96b-4896-ab53-5f569cbd59b8"," Include the following types of dynamic reconfiguration for {{ insert: param, IR-4(2)-1 }} as part of the incident response capability: {{ insert: param, IR-4(2)-2 }}.   Guidance  Dynamic reconfiguration includes changes to router rules, access control lists, intrusion detection or prevention system parameters, and filter rules for guards or firewalls. Organizations may perform dynamic reconfiguration of systems to stop attacks, misdirect attackers, and isolate components of systems, thus limiting the extent of the damage from breaches or compromises. Organizations include specific time frames for achieving the reconfiguration of systems in the definition of the reconfiguration capability, considering the potential need for rapid response to effectively address cyber threats. "
"IR-4(4)","IR-04(04) - Information Correlation","Incident Response","","ir-04.04","a1691a88-bb47-4aee-aafe-f493fee6567d"," Correlate incident information and individual incident responses to achieve an organization-wide perspective on incident awareness and response.   Guidance  Sometimes, a threat event, such as a hostile cyber-attack, can only be observed by bringing together information from different sources, including various reports and reporting procedures established by organizations. "
"IR-4(6)","IR-04(06) - Insider Threats","Incident Response","","ir-04.06","0114b2b0-6932-49e7-a4e5-b460ed9f6a86"," Implement an incident handling capability for incidents involving insider threats.   Guidance  Explicit focus on handling incidents involving insider threats provides additional emphasis on this type of threat and the need for specific incident handling capabilities to provide appropriate and timely responses. "
"IR-4(11)","IR-04(11) - Integrated Incident Response Team","Incident Response","","ir-04.11","f7973ddb-d7e7-4194-b694-72ad2d516721"," Establish and maintain an integrated incident response team that can be deployed to any location identified by the organization in {{ insert: param, IR-4(11) }}.   Guidance  An integrated incident response team is a team of experts that assesses, documents, and responds to incidents so that organizational systems and networks can recover quickly and implement the necessary controls to avoid future incidents. Incident response team personnel include forensic and malicious code analysts, tool developers, systems security and privacy engineers, and real-time operations personnel. The incident handling capability includes performing rapid forensic preservation of evidence and analysis of and response to intrusions. For some organizations, the incident response team can be a cross-organizational entity.  An integrated incident response team facilitates information sharing and allows organizational personnel (e.g., developers, implementers, and operators) to leverage team knowledge of the threat and implement defensive measures that enable organizations to deter intrusions more effectively. Moreover, integrated teams promote the rapid detection of intrusions, the development of appropriate mitigations, and the deployment of effective defensive measures. For example, when an intrusion is detected, the integrated team can rapidly develop an appropriate response for operators to implement, correlate the new incident with information on past intrusions, and augment ongoing cyber intelligence development. Integrated incident response teams are better able to identify adversary tactics, techniques, and procedures that are linked to the operations tempo or specific mission and business functions and to define responsive actions in a way that does not disrupt those mission and business functions. Incident response teams can be distributed within organizations to make the capability resilient. "
"IR-5(1)","IR-05(01) - Automated Tracking, Data Collection, and Analysis","Incident Response","","ir-05.01","cecd9f8d-ebca-4ee1-9ca1-5232140d998c"," Track incidents and collect and analyze incident information using {{ insert: param, IR-5(1) }}.   Guidance  Automated mechanisms for tracking incidents and collecting and analyzing incident information include Computer Incident Response Centers or other electronic databases of incidents and network monitoring devices. "
"MA-2(2)","MA-02(02) - Automated Maintenance Activities","Maintenance","","ma-02.02","25e3c2ca-4b3f-4231-baca-2b170ba320ce","(a) Schedule, conduct, and document maintenance, repair, and replacement actions for the system using {{ insert: param, MA-2(2)(a) }} ; and (b) Produce up-to date, accurate, and complete records of all maintenance, repair, and replacement actions requested, scheduled, in process, and completed.   Guidance  The use of automated mechanisms to manage and control system maintenance programs and activities helps to ensure the generation of timely, accurate, complete, and consistent maintenance records. "
"MA-4(3)","MA-04(03) - Comparable Security and Sanitization","Maintenance","","ma-04.03","d25e065e-9d93-4896-bf1d-5381b2f66969","(a) Require that nonlocal maintenance and diagnostic services be performed from a system that implements a security capability comparable to the capability implemented on the system being serviced; or (b) Remove the component to be serviced from the system prior to nonlocal maintenance or diagnostic services; sanitize the component (for organizational information); and after the service is performed, inspect and sanitize the component (for potentially malicious software) before reconnecting the component to the system.   Guidance  Comparable security capability on systems, diagnostic tools, and equipment providing maintenance services implies that the implemented controls on those systems, tools, and equipment are at least as comprehensive as the controls on the system being serviced. "
"MP-6(1)","MP-06(01) - Review, Approve, Track, Document, and Verify","Media Protection","","mp-06.01","dd0ecd82-371b-4aae-b878-019f2917d5bf"," Review, approve, track, document, and verify media sanitization and disposal actions.   Guidance  Organizations review and approve media to be sanitized to ensure compliance with records retention policies. Tracking and documenting actions include listing personnel who reviewed and approved sanitization and disposal actions, types of media sanitized, files stored on the media, sanitization methods used, date and time of the sanitization actions, personnel who performed the sanitization, verification actions taken and personnel who performed the verification, and the disposal actions taken. Organizations verify that the sanitization of the media was effective prior to disposal.   MP-6 (1) Additional FedRAMP Requirements and Guidance <b>Requirement:</b> Must comply with NIST SP 800-88 "
"MP-6(2)","MP-06(02) - Equipment Testing","Media Protection","","mp-06.02","4758b4fb-1cc7-472f-8949-0646bb414056"," Test sanitization equipment and procedures {{ insert: param, MP-6(2) }} to ensure that the intended sanitization is being achieved.   Guidance  Testing of sanitization equipment and procedures may be conducted by qualified and authorized external entities, including federal agencies or external service providers.   MP-6 (2) Additional FedRAMP Requirements and Guidance <b>Guidance:</b> Equipment and procedures may be tested or validated for effectiveness "
"MP-6(3)","MP-06(03) - Nondestructive Techniques","Media Protection","","mp-06.03","5060cafa-5e82-4d69-9301-ff5d2c4f291b"," Apply nondestructive sanitization techniques to portable storage devices prior to connecting such devices to the system under the following circumstances: {{ insert: param, MP-6(3) }}.   Guidance  Portable storage devices include external or removable hard disk drives (e.g., solid state, magnetic), optical discs, magnetic or optical tapes, flash memory devices, flash memory cards, and other external or removable disks. Portable storage devices can be obtained from untrustworthy sources and contain malicious code that can be inserted into or transferred to organizational systems through USB ports or other entry portals. While scanning storage devices is recommended, sanitization provides additional assurance that such devices are free of malicious code. Organizations consider nondestructive sanitization of portable storage devices when the devices are purchased from manufacturers or vendors prior to initial use or when organizations cannot maintain a positive chain of custody for the devices.   MP-6 (3) Additional FedRAMP Requirements and Guidance <b>Requirement:</b> Must comply with NIST SP 800-88 "
"PE-3(1)","PE-03(01) - System Access","Physical and Environmental Protection","","pe-03.01","5e389725-5212-40c2-96b8-f359e8398deb"," Enforce physical access authorizations to the system in addition to the physical access controls for the facility at {{ insert: param, PE-3(1) }}.   Guidance  Control of physical access to the system provides additional physical security for those areas within facilities where there is a concentration of system components. "
"PE-6(4)","PE-06(04) - Monitoring Physical Access to Systems","Physical and Environmental Protection","","pe-06.04","5dfc2aac-26bb-4f67-9445-fc3c3bacedc1"," Monitor physical access to the system in addition to the physical access monitoring of the facility at {{ insert: param, PE-6(4) }}.   Guidance  Monitoring physical access to systems provides additional monitoring for those areas within facilities where there is a concentration of system components, including server rooms, media storage areas, and communications centers. Physical access monitoring can be coordinated with intrusion detection systems and system monitoring capabilities to provide comprehensive and integrated threat coverage for the organization. "
"PE-8(1)","PE-08(01) - Automated Records Maintenance and Review","Physical and Environmental Protection","","pe-08.01","dce542c8-d57b-4179-9d00-80eb1da9cdc9"," Maintain and review visitor access records using {{ insert: param, PE-8(1) }}.   Guidance  Visitor access records may be stored and maintained in a database management system that is accessible by organizational personnel. Automated access to such records facilitates record reviews on a regular basis to determine if access authorizations are current and still required to support organizational mission and business functions. "
"PE-11(1)","PE-11(01) - Alternate Power Supply — Minimal Operational Capability","Physical and Environmental Protection","","pe-11.01","52866a36-d686-4a0b-88e7-46b1e8655e5c"," Provide an alternate power supply for the system that is activated {{ insert: param, PE-11(1) }} and that can maintain minimally required operational capability in the event of an extended loss of the primary power source.   Guidance  Provision of an alternate power supply with minimal operating capability can be satisfied by accessing a secondary commercial power supply or other external power supply. "
"PE-14(2)","PE-14(02) - Monitoring with Alarms and Notifications","Physical and Environmental Protection","","pe-14.02","d44b2d89-53c9-44f4-b4b9-d197982eedaa"," Employ environmental control monitoring that provides an alarm or notification of changes potentially harmful to personnel or equipment to {{ insert: param, PE-14(2) }}.   Guidance  The alarm or notification may be an audible alarm or a visual message in real time to personnel or roles defined by the organization. Such alarms and notifications can help minimize harm to individuals and damage to organizational assets by facilitating a timely incident response. "
"PE-15(1)","PE-15(01) - Automation Support","Physical and Environmental Protection","","pe-15.01","e0dc1def-e0da-491c-97db-1b15c78a6b9f"," Detect the presence of water near the system and alert {{ insert: param, PE-15(1)-1 }} using {{ insert: param, PE-15(1)-2 }}.   Guidance  Automated mechanisms include notification systems, water detection sensors, and alarms. "
"PE-18","PE-18 - Location of System Components","Physical and Environmental Protection","","pe-18","9ceb0449-82fb-4db1-887d-7efb9f55af7c"," Position system components within the facility to minimize potential damage from {{ insert: param, PE-18 }} and to minimize the opportunity for unauthorized access.   Guidance  Physical and environmental hazards include floods, fires, tornadoes, earthquakes, hurricanes, terrorism, vandalism, an electromagnetic pulse, electrical interference, and other forms of incoming electromagnetic radiation. Organizations consider the location of entry points where unauthorized individuals, while not being granted access, might nonetheless be near systems. Such proximity can increase the risk of unauthorized access to organizational communications using wireless packet sniffers or microphones, or unauthorized disclosure of information. "
"PS-4(2)","PS-04(02) - Automated Actions","Personnel Security","","ps-04.02","1fc63dd1-5847-4733-a6f7-4570b01a92b4"," Use {{ insert: param, PS-4(2)-1 }} to {{ insert: param, PS-4(2)-2 }}.   Guidance  In organizations with many employees, not all personnel who need to know about termination actions receive the appropriate notifications, or if such notifications are received, they may not occur in a timely manner. Automated mechanisms can be used to send automatic alerts or notifications to organizational personnel or roles when individuals are terminated. Such automatic alerts or notifications can be conveyed in a variety of ways, including via telephone, electronic mail, text message, or websites. Automated mechanisms can also be employed to quickly and thoroughly disable access to system resources after an employee is terminated. "
"RA-5(4)","RA-05(04) - Discoverable Information","Risk Assessment","","ra-05.04","f78b0a8c-e242-4881-ab03-896cfd13535e"," Determine information about the system that is discoverable and take {{ insert: param, RA-5(4) }}.   Guidance  Discoverable information includes information that adversaries could obtain without compromising or breaching the system, such as by collecting information that the system is exposing or by conducting extensive web searches. Corrective actions include notifying appropriate organizational personnel, removing designated information, or changing the system to make the designated information less relevant or attractive to adversaries. This enhancement excludes intentionally discoverable information that may be part of a decoy capability (e.g., honeypots, honeynets, or deception nets) deployed by the organization. "
"RA-5(8)","RA-05(08) - Review Historic Audit Logs","Risk Assessment","","ra-05.08","d0f088f0-7a83-4325-9246-4c22c495f116"," Review historic audit logs to determine if a vulnerability identified in a {{ insert: param, RA-5(8)-1 }} has been previously exploited within an {{ insert: param, RA-5(8)-2 }}.   Guidance  Reviewing historic audit logs to determine if a recently detected vulnerability in a system has been previously exploited by an adversary can provide important information for forensic analyses. Such analyses can help identify, for example, the extent of a previous intrusion, the trade craft employed during the attack, organizational information exfiltrated or modified, mission or business capabilities affected, and the duration of the attack.   RA-5(8) Additional FedRAMP Requirement <b>Requirement:</b> This enhancement is required for all high (or critical) vulnerability scan findings. "
"SA-4(5)","SA-04(05) - System, Component, and Service Configurations","System and Services Acquisition","","sa-04.05","71d26733-6af7-47ad-8011-0509a5c7e184"," Require the developer of the system, system component, or system service to: (a) Deliver the system, component, or service with {{ insert: param, SA-4(5)(a) }} implemented; and (b) Use the configurations as the default for any subsequent system, component, or service reinstallation or upgrade.   Guidance  Examples of security configurations include the U.S. Government Configuration Baseline (USGCB), Security Technical Implementation Guides (STIGs), and any limitations on functions, ports, protocols, and services. Security characteristics can include requiring that default passwords have been changed. "
"SA-16","SA-16 - Developer-provided Training","System and Services Acquisition","","sa-16","93ab1bd5-366b-4b0f-8930-99358f797641"," Require the developer of the system, system component, or system service to provide the following training on the correct use and operation of the implemented security and privacy functions, controls, and/or mechanisms: {{ insert: param, SA-16 }}.   Guidance  Developer-provided training applies to external and internal (in-house) developers. Training personnel is essential to ensuring the effectiveness of the controls implemented within organizational systems. Types of training include web-based and computer-based training, classroom-style training, and hands-on training (including micro-training). Organizations can also request training materials from developers to conduct in-house training or offer self-training to organizational personnel. Organizations determine the type of training necessary and may require different types of training for different security and privacy functions, controls, and mechanisms. "
"SA-17","SA-17 - Developer Security and Privacy Architecture and Design","System and Services Acquisition","","sa-17","2392ab32-3d97-4a81-91b9-f147123f1a2e"," Require the developer of the system, system component, or system service to produce a design specification and security and privacy architecture that: a. Is consistent with the organization’s security and privacy architecture that is an integral part the organization’s enterprise architecture; b. Accurately and completely describes the required security and privacy functionality, and the allocation of controls among physical and logical components; and c. Expresses how individual security and privacy functions, mechanisms, and services work together to provide required security and privacy capabilities and a unified approach to protection.   Guidance  Developer security and privacy architecture and design are directed at external developers, although they could also be applied to internal (in-house) development. In contrast, <a href=""#pl-8"">PL-8</a> is directed at internal developers to ensure that organizations develop a security and privacy architecture that is integrated with the enterprise architecture. The distinction between SA-17 and <a href=""#pl-8"">PL-8</a> is especially important when organizations outsource the development of systems, system components, or system services and when there is a requirement to demonstrate consistency with the enterprise architecture and security and privacy architecture of the organization. <a href=""#87087451-2af5-43d4-88c1-d66ad850f614"">ISO 15408-2</a>, <a href=""#4452efc0-e79e-47b8-aa30-b54f3ef61c2f"">ISO 15408-3</a> , and <a href=""#e3cc0520-a366-4fc9-abc2-5272db7e3564"">SP 800-160-1</a> provide information on security architecture and design, including formal policy models, security-relevant components, formal and informal correspondence, conceptually simple design, and structuring for least privilege and testing. "
"SA-21","SA-21 - Developer Screening","System and Services Acquisition","","sa-21","c6988c6f-9875-4b2c-baa5-4cdd138c76b7"," Require that the developer of {{ insert: param, SA-21 }}: a. Has appropriate access authorizations as determined by assigned {{ insert: param, SA-21(a) }} ; and b. Satisfies the following additional personnel screening criteria: {{ insert: param, SA-21(b) }}.   Guidance  Developer screening is directed at external developers. Internal developer screening is addressed by <a href=""#ps-3"">PS-3</a> . Because the system, system component, or system service may be used in critical activities essential to the national or economic security interests of the United States, organizations have a strong interest in ensuring that developers are trustworthy. The degree of trust required of developers may need to be consistent with that of the individuals who access the systems, system components, or system services once deployed. Authorization and personnel screening criteria include clearances, background checks, citizenship, and nationality. Developer trustworthiness may also include a review and analysis of company ownership and relationships that the company has with entities that may potentially affect the quality and reliability of the systems, components, or services being developed. Satisfying the required access authorizations and personnel screening criteria includes providing a list of all individuals who are authorized to perform development activities on the selected system, system component, or system service so that organizations can validate that the developer has satisfied the authorization and screening requirements. "
"SC-3","SC-03 - Security Function Isolation","System and Communications Protection","","sc-03","72d28ef5-7004-45bb-b0f1-91ac8fe74cae"," Isolate security functions from nonsecurity functions.   Guidance  Security functions are isolated from nonsecurity functions by means of an isolation boundary implemented within a system via partitions and domains. The isolation boundary controls access to and protects the integrity of the hardware, software, and firmware that perform system security functions. Systems implement code separation in many ways, such as through the provision of security kernels via processor rings or processor modes. For non-kernel code, security function isolation is often achieved through file system protections that protect the code on disk and address space protections that protect executing code. Systems can restrict access to security functions using access control mechanisms and by implementing least privilege capabilities. While the ideal is for all code within the defined security function isolation boundary to only contain security-relevant code, it is sometimes necessary to include nonsecurity functions as an exception. The isolation of security functions from nonsecurity functions can be achieved by applying the systems security engineering design principles in <a href=""#sa-8"">SA-8</a> , including <a href=""#sa-8.1"">SA-8(1)</a>, <a href=""#sa-8.3"">SA-8(3)</a>, <a href=""#sa-8.4"">SA-8(4)</a>, <a href=""#sa-8.10"">SA-8(10)</a>, <a href=""#sa-8.12"">SA-8(12)</a>, <a href=""#sa-8.13"">SA-8(13)</a>, <a href=""#sa-8.14"">SA-8(14)</a> , and <a href=""#sa-8.18"">SA-8(18)</a>. "
"SC-7(10)","SC-07(10) - Prevent Exfiltration","System and Communications Protection","","sc-07.10","2e72b4b6-8932-443c-9bd4-df04624e162e","(a) Prevent the exfiltration of information; and (b) Conduct exfiltration tests {{ insert: param, SC-7(10)(b) }}.   Guidance  Prevention of exfiltration applies to both the intentional and unintentional exfiltration of information. Techniques used to prevent the exfiltration of information from systems may be implemented at internal endpoints, external boundaries, and across managed interfaces and include adherence to protocol formats, monitoring for beaconing activity from systems, disconnecting external network interfaces except when explicitly needed, employing traffic profile analysis to detect deviations from the volume and types of traffic expected, call backs to command and control centers, conducting penetration testing, monitoring for steganography, disassembling and reassembling packet headers, and using data loss and data leakage prevention tools. Devices that enforce strict adherence to protocol formats include deep packet inspection firewalls and Extensible Markup Language (XML) gateways. The devices verify adherence to protocol formats and specifications at the application layer and identify vulnerabilities that cannot be detected by devices that operate at the network or transport layers. The prevention of exfiltration is similar to data loss prevention or data leakage prevention and is closely associated with cross-domain solutions and system guards that enforce information flow requirements. "
"SC-7(20)","SC-07(20) - Dynamic Isolation and Segregation","System and Communications Protection","","sc-07.20","686e4ece-c284-430a-84e8-35284e2a5f64"," Provide the capability to dynamically isolate {{ insert: param, SC-7(20) }} from other system components.   Guidance  The capability to dynamically isolate certain internal system components is useful when it is necessary to partition or separate system components of questionable origin from components that possess greater trustworthiness. Component isolation reduces the attack surface of organizational systems. Isolating selected system components can also limit the damage from successful attacks when such attacks occur. "
"SC-7(21)","SC-07(21) - Isolation of System Components","System and Communications Protection","","sc-07.21","24664525-759d-4fcc-89c1-f356f09b9c01"," Employ boundary protection mechanisms to isolate {{ insert: param, SC-7(21)-1 }} supporting {{ insert: param, SC-7(21)-2 }}.   Guidance  Organizations can isolate system components that perform different mission or business functions. Such isolation limits unauthorized information flows among system components and provides the opportunity to deploy greater levels of protection for selected system components. Isolating system components with boundary protection mechanisms provides the capability for increased protection of individual system components and to more effectively control information flows between those components. Isolating system components provides enhanced protection that limits the potential harm from hostile cyber-attacks and errors. The degree of isolation varies depending upon the mechanisms chosen. Boundary protection mechanisms include routers, gateways, and firewalls that separate system components into physically separate networks or subnetworks; cross-domain devices that separate subnetworks; virtualization techniques; and the encryption of information flows among system components using distinct encryption keys. "
"SC-12(1)","SC-12(01) - Availability","System and Communications Protection","","sc-12.01","d58b7bd6-59bd-4442-85ec-4cea52b158a4"," Maintain availability of information in the event of the loss of cryptographic keys by users.   Guidance  Escrowing of encryption keys is a common practice for ensuring availability in the event of key loss. A forgotten passphrase is an example of losing a cryptographic key. "
"SC-24","SC-24 - Fail in Known State","System and Communications Protection","","sc-24","b3d77664-a974-4c77-8206-9fda4d60c8e9"," Fail to a {{ insert: param, SC-24-1 }} for the following failures on the indicated components while preserving {{ insert: param, SC-24-2 }} in failure: {{ insert: param, SC-24-3 }}.   Guidance  Failure in a known state addresses security concerns in accordance with the mission and business needs of organizations. Failure in a known state prevents the loss of confidentiality, integrity, or availability of information in the event of failures of organizational systems or system components. Failure in a known safe state helps to prevent systems from failing to a state that may cause injury to individuals or destruction to property. Preserving system state information facilitates system restart and return to the operational mode with less disruption of mission and business processes. "
"SI-4(10)","SI-04(10) - Visibility of Encrypted Communications","System and Information Integrity","","si-04.10","c241ffc4-c71e-4aca-96c4-2540af994e8e"," Make provisions so that {{ insert: param, SI-4(10)-1 }} is visible to {{ insert: param, SI-4(10)-2 }}.   Guidance  Organizations balance the need to encrypt communications traffic to protect data confidentiality with the need to maintain visibility into such traffic from a monitoring perspective. Organizations determine whether the visibility requirement applies to internal encrypted traffic, encrypted traffic intended for external destinations, or a subset of the traffic types.   SI-4 (10) Additional FedRAMP Requirements and Guidance <b>Requirement:</b> The service provider must support Agency requirements to comply with M-21-31 (https://www.whitehouse.gov/wp-content/uploads/2021/08/M-21-31-Improving-the-Federal-Governments-Investigative-and-Remediation-Capabilities-Related-to-Cybersecurity-Incidents.pdf) and M-22-09 (https://www.whitehouse.gov/wp-content/uploads/2022/01/M-22-09.pdf). "
"SI-4(11)","SI-04(11) - Analyze Communications Traffic Anomalies","System and Information Integrity","","si-04.11","bb410204-45fe-4386-acf5-344f23d9dee4"," Analyze outbound communications traffic at the external interfaces to the system and selected {{ insert: param, SI-4(11) }} to discover anomalies.   Guidance  Organization-defined interior points include subnetworks and subsystems. Anomalies within organizational systems include large file transfers, long-time persistent connections, attempts to access information from unexpected locations, the use of unusual protocols and ports, the use of unmonitored network protocols (e.g., IPv6 usage during IPv4 transition), and attempted communications with suspected malicious external addresses. "
"SI-4(12)","SI-04(12) - Automated Organization-generated Alerts","System and Information Integrity","","si-04.12","4e588c4c-4214-4c42-8dcc-f6d65c13a195"," Alert {{ insert: param, SI-4(12)-1 }} using {{ insert: param, SI-4(12)-2 }} when the following indications of inappropriate or unusual activities with security or privacy implications occur: {{ insert: param, SI-4(12)-3 }}.   Guidance  Organizational personnel on the system alert notification list include system administrators, mission or business owners, system owners, senior agency information security officer, senior agency official for privacy, system security officers, or privacy officers. Automated organization-generated alerts are the security alerts generated by organizations and transmitted using automated means. The sources for organization-generated alerts are focused on other entities such as suspicious activity reports and reports on potential insider threats. In contrast to alerts generated by the organization, alerts generated by the system in <a href=""#si-4.5"">SI-4(5)</a> focus on information sources that are internal to the systems, such as audit records. "
"SI-4(14)","SI-04(14) - Wireless Intrusion Detection","System and Information Integrity","","si-04.14","79335567-f5a4-46e4-9628-3f139701e243"," Employ a wireless intrusion detection system to identify rogue wireless devices and to detect attack attempts and potential compromises or breaches to the system.   Guidance  Wireless signals may radiate beyond organizational facilities. Organizations proactively search for unauthorized wireless connections, including the conduct of thorough scans for unauthorized wireless access points. Wireless scans are not limited to those areas within facilities containing systems but also include areas outside of facilities to verify that unauthorized wireless access points are not connected to organizational systems. "
"SI-4(19)","SI-04(19) - Risk for Individuals","System and Information Integrity","","si-04.19","3a073aee-8887-49ff-baf4-f51b348bc6de"," Implement {{ insert: param, SI-4(19)-1 }} of individuals who have been identified by {{ insert: param, SI-4(19)-2 }} as posing an increased level of risk.   Guidance  Indications of increased risk from individuals can be obtained from different sources, including personnel records, intelligence agencies, law enforcement organizations, and other sources. The monitoring of individuals is coordinated with the management, legal, security, privacy, and human resource officials who conduct such monitoring. Monitoring is conducted in accordance with applicable laws, executive orders, directives, regulations, policies, standards, and guidelines. "
"SI-4(20)","SI-04(20) - Privileged Users","System and Information Integrity","","si-04.20","e7097f78-e25c-45a9-b8ce-4b635527bf4c"," Implement the following additional monitoring of privileged users: {{ insert: param, SI-4(20) }}.   Guidance  Privileged users have access to more sensitive information, including security-related information, than the general user population. Access to such information means that privileged users can potentially do greater damage to systems and organizations than non-privileged users. Therefore, implementing additional monitoring on privileged users helps to ensure that organizations can identify malicious activity at the earliest possible time and take appropriate actions. "
"SI-4(22)","SI-04(22) - Unauthorized Network Services","System and Information Integrity","","si-04.22","7effdaa1-e6b6-48f7-b31a-967b4132a3c7","(a) Detect network services that have not been authorized or approved by {{ insert: param, SI-4(22)(a) }} ; and (b) {{ insert: param, SI-4(22)(b) }} when detected.   Guidance  Unauthorized or unapproved network services include services in service-oriented architectures that lack organizational verification or validation and may therefore be unreliable or serve as malicious rogues for valid services. "
"SI-5(1)","SI-05(01) - Automated Alerts and Advisories","System and Information Integrity","","si-05.01","0b755a10-73f3-4746-bd13-3f0244cecd8d"," Broadcast security alert and advisory information throughout the organization using {{ insert: param, SI-5(1) }}.   Guidance  The significant number of changes to organizational systems and environments of operation requires the dissemination of security-related information to a variety of organizational entities that have a direct interest in the success of organizational mission and business functions. Based on information provided by security alerts and advisories, changes may be required at one or more of the three levels related to the management of risk, including the governance level, mission and business process level, and the information system level. "
"SI-7(2)","SI-07(02) - Automated Notifications of Integrity Violations","System and Information Integrity","","si-07.02","a12b1403-e206-406b-b99c-147be111188f"," Employ automated tools that provide notification to {{ insert: param, SI-7(2) }} upon discovering discrepancies during integrity verification.   Guidance  The employment of automated tools to report system and information integrity violations and to notify organizational personnel in a timely matter is essential to effective risk response. Personnel with an interest in system and information integrity violations include mission and business owners, system owners, senior agency information security official, senior agency official for privacy, system administrators, software developers, systems integrators, information security officers, and privacy officers. "
"SI-7(5)","SI-07(05) - Automated Response to Integrity Violations","System and Information Integrity","","si-07.05","0cc26276-73ff-48da-96c1-a3c5f490bdf6"," Automatically {{ insert: param, SI-7(5) }} when integrity violations are discovered.   Guidance  Organizations may define different integrity-checking responses by type of information, specific information, or a combination of both. Types of information include firmware, software, and user data. Specific information includes boot firmware for certain types of machines. The automatic implementation of controls within organizational systems includes reversing the changes, halting the system, or triggering audit alerts when unauthorized modifications to critical security files occur. "
"SI-7(15)","SI-07(15) - Code Authentication","System and Information Integrity","","si-07.15","5e1d461c-949f-4f5f-8b2b-a134bd7f3e6a"," Implement cryptographic mechanisms to authenticate the following software or firmware components prior to installation: {{ insert: param, SI-7(15) }}.   Guidance  Cryptographic authentication includes verifying that software or firmware components have been digitally signed using certificates recognized and approved by organizations. Code signing is an effective method to protect against malicious code. Organizations that employ cryptographic mechanisms also consider cryptographic key management solutions. "
"SR-9","SR-09 - Tamper Resistance and Detection","Supply Chain Risk Management","","sr-09","82acf2b7-6a1f-40b7-aff0-10adea1b47cb"," Implement a tamper protection program for the system, system component, or system service.   Guidance  Anti-tamper technologies, tools, and techniques provide a level of protection for systems, system components, and services against many threats, including reverse engineering, modification, and substitution. Strong identification combined with tamper resistance and/or tamper detection is essential to protecting systems and components during distribution and when in use.   SR-9 Additional FedRAMP Requirements and Guidance <b>Requirement:</b> CSOs must ensure vendors provide authenticity of software and patches supplied to the service provider including documenting the safeguards in place. "
"SR-9(1)","SR-09(01) - Multiple Stages of System Development Life Cycle","Supply Chain Risk Management","","sr-09.01","688b7902-1b71-4760-b470-2d89a4a94edf"," Employ anti-tamper technologies, tools, and techniques throughout the system development life cycle.   Guidance  The system development life cycle includes research and development, design, manufacturing, acquisition, delivery, integration, operations and maintenance, and disposal. Organizations use a combination of hardware and software techniques for tamper resistance and detection. Organizations use obfuscation and self-checking to make reverse engineering and modifications more difficult, time-consuming, and expensive for adversaries. The customization of systems and system components can make substitutions easier to detect and therefore limit damage. "
