controlId,title,family,description,subFamily
A-5,Article 5: Principles Relating to Processing of Personal Data,Principles,"Personal data shall be: processed lawfully, fairly and in a transparent manner in relation to the data subject (‘lawfulness, fairness and transparency’); collected for specified, explicit and legitimate purposes and not further processed in a manner that is incompatible with those purposes; further processing for archiving purposes in the public interest, scientific or historical research purposes or statistical purposes shall, in accordance with Article 89 (1), not be considered to be incompatible with the initial purposes (‘purpose limitation’); adequate, relevant and limited to what is necessary in relation to the purposes for which they are processed (‘data minimisation’); accurate and, where necessary, kept up to date; every reasonable step must be taken to ensure that personal data that are inaccurate, having regard to the purposes for which they are processed, are erased or rectified without delay (‘accuracy’); kept in a form which permits identification of data subjects for no longer than is necessary for the purposes for which the personal data are processed; personal data may be stored for longer periods insofar as the personal data will be processed solely for archiving purposes in the public interest, scientific or historical research purposes or statistical purposes in accordance with Article 89( 1) subject to implementation of the appropriate technical and organisational measures required by this Regulation in order to safeguard the rights and freedoms of the data subject (‘storage limitation’); processed in a manner that ensures appropriate security of the personal data, including protection against unauthorised or unlawful processing and against accidental loss, destruction or damage, using appropriate technical or organisational measures (‘integrity and confidentiality’). The controller shall be responsible for, and be able to demonstrate compliance with, paragraph 1 (‘accountability’).",A-5
A-6,Article 6: Lawfulness of Processing,Principles,"Processing shall be lawful only if and to the extent that at least one of the following applies: the data subject has given consent to the processing of his or her personal data for one or more specific purposes; processing is necessary for the performance of a contract to which the data subject is party or in order to take steps at the request of the data subject prior to entering into a contract; processing is necessary for compliance with a legal obligation to which the controller is subject; processing is necessary in order to protect the vital interests of the data subject or of another natural person; processing is necessary for the performance of a task carried out in the public interest or in the exercise of official authority vested in the controller; processing is necessary for the purposes of the legitimate interests pursued by the controller or by a third party, except where such interests are overridden by the interests or fundamental rights and freedoms of the data subject which require protection of personal data, in particular where the data subject is a child. 2 Point (f) of the first subparagraph shall not apply to processing carried out by public authorities in the performance of their tasks. Member States may maintain or introduce more specific provisions to adapt the application of the rules of this Regulation with regard to processing for compliance with points (c) and (e) of paragraph 1 by determining more precisely specific requirements for the processing and other measures to ensure lawful and fair processing including for other specific processing situations as provided for in Chapter IX . 1 The basis for the processing referred to in point (c) and (e) of paragraph 1 shall be laid down by: Union law; or Member State law to which the controller is subject. 2 The purpose of the processing shall be determined in that legal basis or, as regards the processing referred to in point (e) of paragraph 1, shall be necessary for the performance of a task carried out in the public interest or in the exercise of official authority vested in the controller. 3 That legal basis may contain specific provisions to adapt the application of rules of this Regulation, inter alia: the general conditions governing the lawfulness of processing by the controller; the types of data which are subject to the processing; the data subjects concerned; the entities to, and the purposes for which, the personal data may be disclosed; the purpose limitation; storage periods; and processing operations and processing procedures, including measures to ensure lawful and fair processing such as those for other specific processing situations as provided for in Chapter IX . 4 The Union or the Member State law shall meet an objective of public interest and be proportionate to the legitimate aim pursued. Where the processing for a purpose other than that for which the personal data have been collected is not based on the data subject’s consent or on a Union or Member State law which constitutes a necessary and proportionate measure in a democratic society to safeguard the objectives referred to in Article 23 (1), the controller shall, in order to ascertain whether processing for another purpose is compatible with the purpose for which the personal data are initially collected, take into account, inter alia: any link between the purposes for which the personal data have been collected and the purposes of the intended further processing; the context in which the personal data have been collected, in particular regarding the relationship between data subjects and the controller; the nature of the personal data, in particular whether special categories of personal data are processed, pursuant to Article 9 , or whether personal data related to criminal convictions and offences are processed, pursuant to Article 10 ; the possible consequences of the intended further processing for data subjects; the existence of appropriate safeguards, which may include encryption or pseudonymisation.",A-6
A-7,Article 7: Conditions for Consent,Principles,"Where processing is based on consent, the controller shall be able to demonstrate that the data subject has consented to processing of his or her personal data. If the data subject’s consent is given in the context of a written declaration which also concerns other matters, the request for consent shall be presented in a manner which is clearly distinguishable from the other matters, in an intelligible and easily accessible form, using clear and plain language. Any part of such a declaration which constitutes an infringement of this Regulation shall not be binding. The data subject shall have the right to withdraw his or her consent at any time. The withdrawal of consent shall not affect the lawfulness of processing based on consent before its withdrawal. Prior to giving consent, the data subject shall be informed thereof. It shall be as easy to withdraw as to give consent. When assessing whether consent is freely given, utmost account shall be taken of whether, inter alia , the performance of a contract, including the provision of a service, is conditional on consent to the processing of personal data that is not necessary for the performance of that contract.",A-7
A-8,Article 8: Conditions Applicable to Child's Consent in Relation to Information Society Services,Principles,"1 Where point (a) of Article 6( 1) applies, in relation to the offer of information society services directly to a child, the processing of the personal data of a child shall be lawful where the child is at least 16 years old. 2 Where the child is below the age of 16 years, such processing shall be lawful only if and to the extent that consent is given or authorised by the holder of parental responsibility over the child. 3 Member States may provide by law for a lower age for those purposes provided that such lower age is not below 13 years. The controller shall make reasonable efforts to verify in such cases that consent is given or authorised by the holder of parental responsibility over the child, taking into consideration available technology. Paragraph 1 shall not affect the general contract law of Member States such as the rules on the validity, formation or effect of a contract in relation to a child.",A-8
A-9,Article 9: Processing of Special Categories of Personal Data,Principles,"Processing of personal data revealing racial or ethnic origin, political opinions, religious or philosophical beliefs, or trade union membership, and the processing of genetic data, biometric data for the purpose of uniquely identifying a natural person, data concerning health or data concerning a natural person’s sex life or sexual orientation shall be prohibited. Paragraph 1 shall not apply if one of the following applies: the data subject has given explicit consent to the processing of those personal data for one or more specified purposes, except where Union or Member State law provide that the prohibition referred to in paragraph 1 may not be lifted by the data subject; processing is necessary for the purposes of carrying out the obligations and exercising specific rights of the controller or of the data subject in the field of employment and social security and social protection law in so far as it is authorised by Union or Member State law or a collective agreement pursuant to Member State law providing for appropriate safeguards for the fundamental rights and the interests of the data subject; processing is necessary to protect the vital interests of the data subject or of another natural person where the data subject is physically or legally incapable of giving consent; processing is carried out in the course of its legitimate activities with appropriate safeguards by a foundation, association or any other not-for-profit body with a political, philosophical, religious or trade union aim and on condition that the processing relates solely to the members or to former members of the body or to persons who have regular contact with it in connection with its purposes and that the personal data are not disclosed outside that body without the consent of the data subjects; processing relates to personal data which are manifestly made public by the data subject; processing is necessary for the establishment, exercise or defence of legal claims or whenever courts are acting in their judicial capacity; processing is necessary for reasons of substantial public interest, on the basis of Union or Member State law which shall be proportionate to the aim pursued, respect the essence of the right to data protection and provide for suitable and specific measures to safeguard the fundamental rights and the interests of the data subject; processing is necessary for the purposes of preventive or occupational medicine, for the assessment of the working capacity of the employee, medical diagnosis, the provision of health or social care or treatment or the management of health or social care systems and services on the basis of Union or Member State law or pursuant to contract with a health professional and subject to the conditions and safeguards referred to in paragraph 3; processing is necessary for reasons of public interest in the area of public health, such as protecting against serious cross-border threats to health or ensuring high standards of quality and safety of health care and of medicinal products or medical devices, on the basis of Union or Member State law which provides for suitable and specific measures to safeguard the rights and freedoms of the data subject, in particular professional secrecy; processing is necessary for archiving purposes in the public interest, scientific or historical research purposes or statistical purposes in accordance with Article 89 (1) based on Union or Member State law which shall be proportionate to the aim pursued, respect the essence of the right to data protection and provide for suitable and specific measures to safeguard the fundamental rights and the interests of the data subject. Personal data referred to in paragraph 1 may be processed for the purposes referred to in point (h) of paragraph 2 when those data are processed by or under the responsibility of a professional subject to the obligation of professional secrecy under Union or Member State law or rules established by national competent bodies or by another person also subject to an obligation of secrecy under Union or Member State law or rules established by national competent bodies. Member States may maintain or introduce further conditions, including limitations, with regard to the processing of genetic data, biometric data or data concerning health.",A-9
A-10,Article 10: Processing of Personal Data Relating to Criminal Convictions and Offences,Principles,1 Processing of personal data relating to criminal convictions and offences or related security measures based on Article 6 (1) shall be carried out only under the control of official authority or when the processing is authorised by Union or Member State law providing for appropriate safeguards for the rights and freedoms of data subjects. 2 Any comprehensive register of criminal convictions shall be kept only under the control of official authority.,A-10
A-11,Article 11: Processing which does not Require Identification,Principles,"If the purposes for which a controller processes personal data do not or do no longer require the identification of a data subject by the controller, the controller shall not be obliged to maintain, acquire or process additional information in order to identify the data subject for the sole purpose of complying with this Regulation. 1 Where, in cases referred to in paragraph 1 of this Article, the controller is able to demonstrate that it is not in a position to identify the data subject, the controller shall inform the data subject accordingly, if possible. 2 In such cases, Articles 15 to 20 shall not apply except where the data subject, for the purpose of exercising his or her rights under those articles, provides additional information enabling his or her identification.",A-11
A-12,"Article 12: Transparent Information, Communication, and Modalities for the Exercise of the Rights of the Data Subject",Rights of the Data Subject,"1 The controller shall take appropriate measures to provide any information referred to in Articles 13 and 14 and any communication under Articles 15 to 22 and 34 relating to processing to the data subject in a concise, transparent, intelligible and easily accessible form, using clear and plain language, in particular for any information addressed specifically to a child. 2 The information shall be provided in writing, or by other means, including, where appropriate, by electronic means. 3 When requested by the data subject, the information may be provided orally, provided that the identity of the data subject is proven by other means. 1 The controller shall facilitate the exercise of data subject rights under Articles 15 to 22 . 2 In the cases referred to in Article 11 (2), the controller shall not refuse to act on the request of the data subject for exercising his or her rights under Articles 15 to 22 , unless the controller demonstrates that it is not in a position to identify the data subject. 1 The controller shall provide information on action taken on a request under Articles 15 to 22 to the data subject without undue delay and in any event within one month of receipt of the request. 2 That period may be extended by two further months where necessary, taking into account the complexity and number of the requests. 3 The controller shall inform the data subject of any such extension within one month of receipt of the request, together with the reasons for the delay. 4 Where the data subject makes the request by electronic form means, the information shall be provided by electronic means where possible, unless otherwise requested by the data subject. If the controller does not take action on the request of the data subject, the controller shall inform the data subject without delay and at the latest within one month of receipt of the request of the reasons for not taking action and on the possibility of lodging a complaint with a supervisory authority and seeking a judicial remedy. 1 Information provided under Articles 13 and 14 and any communication and any actions taken under Articles 15 to 22 and 34 shall be provided free of charge. 2 Where requests from a data subject are manifestly unfounded or excessive, in particular because of their repetitive character, the controller may either: charge a reasonable fee taking into account the administrative costs of providing the information or communication or taking the action requested; or refuse to act on the request. 3 The controller shall bear the burden of demonstrating the manifestly unfounded or excessive character of the request. Without prejudice to Article 11 , where the controller has reasonable doubts concerning the identity of the natural person making the request referred to in Articles 15 to 21 , the controller may request the provision of additional information necessary to confirm the identity of the data subject. 1 The information to be provided to data subjects pursuant to Articles 13 and 14 may be provided in combination with standardised icons in order to give in an easily visible, intelligible and clearly legible manner a meaningful overview of the intended processing. 2 Where the icons are presented electronically they shall be machine-readable. The Commission shall be empowered to adopt delegated acts in accordance with Article 92 for the purpose of determining the information to be presented by the icons and the procedures for providing standardised icons.",A-12
A-13,Article 13: Information to be Provided Where Personal Data are Collected from the Data Subject,Rights of the Data Subject,"Where personal data relating to a data subject are collected from the data subject, the controller shall, at the time when personal data are obtained, provide the data subject with all of the following information: the identity and the contact details of the controller and, where applicable, of the controller’s representative; the contact details of the data protection officer, where applicable; the purposes of the processing for which the personal data are intended as well as the legal basis for the processing; where the processing is based on point (f) of Article 6 (1), the legitimate interests pursued by the controller or by a third party; the recipients or categories of recipients of the personal data, if any; where applicable, the fact that the controller intends to transfer personal data to a third country or international organisation and the existence or absence of an adequacy decision by the Commission, or in the case of transfers referred to in Article 46 or 47 , or the second subparagraph of Article 49( 1), reference to the appropriate or suitable safeguards and the means by which to obtain a copy of them or where they have been made available. In addition to the information referred to in paragraph 1, the controller shall, at the time when personal data are obtained, provide the data subject with the following further information necessary to ensure fair and transparent processing: the period for which the personal data will be stored, or if that is not possible, the criteria used to determine that period; the existence of the right to request from the controller access to and rectification or erasure of personal data or restriction of processing concerning the data subject or to object to processing as well as the right to data portability; where the processing is based on point (a) of Article 6 (1) or point (a) of Article 9( 2), the existence of the right to withdraw consent at any time, without affecting the lawfulness of processing based on consent before its withdrawal; the right to lodge a complaint with a supervisory authority; whether the provision of personal data is a statutory or contractual requirement, or a requirement necessary to enter into a contract, as well as whether the data subject is obliged to provide the personal data and of the possible consequences of failure to provide such data; the existence of automated decision-making, including profiling, referred to in Article 22 (1) and (4) and, at least in those cases, meaningful information about the logic involved, as well as the significance and the envisaged consequences of such processing for the data subject. Where the controller intends to further process the personal data for a purpose other than that for which the personal data were collected, the controller shall provide the data subject prior to that further processing with information on that other purpose and with any relevant further information as referred to in paragraph 2. Paragraphs 1, 2 and 3 shall not apply where and insofar as the data subject already has the information.",A-13
A-14,Article 14: Information to be Provided Where Personal Data have not been Obtained from the Data Subject,Rights of the Data Subject,"Where personal data have not been obtained from the data subject, the controller shall provide the data subject with the following information: the identity and the contact details of the controller and, where applicable, of the controller’s representative; the contact details of the data protection officer, where applicable; the purposes of the processing for which the personal data are intended as well as the legal basis for the processing; the categories of personal data concerned; the recipients or categories of recipients of the personal data, if any; where applicable, that the controller intends to transfer personal data to a recipient in a third country or international organisation and the existence or absence of an adequacy decision by the Commission, or in the case of transfers referred to in Article 46 or 47 , or the second subparagraph of Article 49 (1), reference to the appropriate or suitable safeguards and the means to obtain a copy of them or where they have been made available. In addition to the information referred to in paragraph 1, the controller shall provide the data subject with the following information necessary to ensure fair and transparent processing in respect of the data subject: the period for which the personal data will be stored, or if that is not possible, the criteria used to determine that period; where the processing is based on point (f) of Article 6 (1), the legitimate interests pursued by the controller or by a third party; the existence of the right to request from the controller access to and rectification or erasure of personal data or restriction of processing concerning the data subject and to object to processing as well as the right to data portability; where processing is based on point (a) of Article 6 (1) or point (a) of Article 9 (2), the existence of the right to withdraw consent at any time, without affecting the lawfulness of processing based on consent before its withdrawal; the right to lodge a complaint with a supervisory authority; from which source the personal data originate, and if applicable, whether it came from publicly accessible sources; the existence of automated decision-making, including profiling, referred to in Article 22 (1) and (4) and, at least in those cases, meaningful information about the logic involved, as well as the significance and the envisaged consequences of such processing for the data subject. The controller shall provide the information referred to in paragraphs 1 and 2: within a reasonable period after obtaining the personal data, but at the latest within one month, having regard to the specific circumstances in which the personal data are processed; if the personal data are to be used for communication with the data subject, at the latest at the time of the first communication to that data subject; or if a disclosure to another recipient is envisaged, at the latest when the personal data are first disclosed. Where the controller intends to further process the personal data for a purpose other than that for which the personal data were obtained, the controller shall provide the data subject prior to that further processing with information on that other purpose and with any relevant further information as referred to in paragraph 2. Paragraphs 1 to 4 shall not apply where and insofar as: the data subject already has the information; the provision of such information proves impossible or would involve a disproportionate effort, in particular for processing for archiving purposes in the public interest, scientific or historical research purposes or statistical purposes, subject to the conditions and safeguards referred to in Article 89 (1) or in so far as the obligation referred to in paragraph 1 of this Article is likely to render impossible or seriously impair the achievement of the objectives of that processing. In such cases the controller shall take appropriate measures to protect the data subject’s rights and freedoms and legitimate interests, including making the information publicly available; obtaining or disclosure is expressly laid down by Union or Member State law to which the controller is subject and which provides appropriate measures to protect the data subject’s legitimate interests; or where the personal data must remain confidential subject to an obligation of professional secrecy regulated by Union or Member State law, including a statutory obligation of secrecy.",A-14
A-15,Article 15: Right of Access by the Data Subject,Rights of the Data Subject,"The data subject shall have the right to obtain from the controller confirmation as to whether or not personal data concerning him or her are being processed, and, where that is the case, access to the personal data and the following information: the purposes of the processing; the categories of personal data concerned; the recipients or categories of recipient to whom the personal data have been or will be disclosed, in particular recipients in third countries or international organisations; where possible, the envisaged period for which the personal data will be stored, or, if not possible, the criteria used to determine that period; the existence of the right to request from the controller rectification or erasure of personal data or restriction of processing of personal data concerning the data subject or to object to such processing; the right to lodge a complaint with a supervisory authority; where the personal data are not collected from the data subject, any available information as to their source; the existence of automated decision-making, including profiling, referred to in Article 22 (1) and (4) and, at least in those cases, meaningful information about the logic involved, as well as the significance and the envisaged consequences of such processing for the data subject. Where personal data are transferred to a third country or to an international organisation, the data subject shall have the right to be informed of the appropriate safeguards pursuant to Article 46 relating to the transfer. 1 The controller shall provide a copy of the personal data undergoing processing. 2 For any further copies requested by the data subject, the controller may charge a reasonable fee based on administrative costs. 3 Where the data subject makes the request by electronic means, and unless otherwise requested by the data subject, the information shall be provided in a commonly used electronic form. The right to obtain a copy referred to in paragraph 3 shall not adversely affect the rights and freedoms of others.",A-15
A-16,Article 16: Right to Certification,Rights of the Data Subject,"1 The data subject shall have the right to obtain from the controller without undue delay the rectification of inaccurate personal data concerning him or her. 2 Taking into account the purposes of the processing, the data subject shall have the right to have incomplete personal data completed, including by means of providing a supplementary statement.",A-16
A-17,Article 17: Right to Erasure (Right to be Forgotten),Rights of the Data Subject,"The data subject shall have the right to obtain from the controller the erasure of personal data concerning him or her without undue delay and the controller shall have the obligation to erase personal data without undue delay where one of the following grounds applies: the personal data are no longer necessary in relation to the purposes for which they were collected or otherwise processed; the data subject withdraws consent on which the processing is based according to point (a) of Article 6 (1), or point (a) of Article 9 (2), and where there is no other legal ground for the processing; the data subject objects to the processing pursuant to Article 21 (1) and there are no overriding legitimate grounds for the processing, or the data subject objects to the processing pursuant to Article 21 (2); the personal data have been unlawfully processed; the personal data have to be erased for compliance with a legal obligation in Union or Member State law to which the controller is subject; the personal data have been collected in relation to the offer of information society services referred to in Article 8 (1). Where the controller has made the personal data public and is obliged pursuant to paragraph 1 to erase the personal data, the controller, taking account of available technology and the cost of implementation, shall take reasonable steps, including technical measures, to inform controllers which are processing the personal data that the data subject has requested the erasure by such controllers of any links to, or copy or replication of, those personal data. Paragraphs 1 and 2 shall not apply to the extent that processing is necessary: for exercising the right of freedom of expression and information; for compliance with a legal obligation which requires processing by Union or Member State law to which the controller is subject or for the performance of a task carried out in the public interest or in the exercise of official authority vested in the controller; for reasons of public interest in the area of public health in accordance with points (h) and (i) of Article 9 (2) as well as Article 9 (3); for archiving purposes in the public interest, scientific or historical research purposes or statistical purposes in accordance with Article 89 (1) in so far as the right referred to in paragraph 1 is likely to render impossible or seriously impair the achievement of the objectives of that processing; or for the establishment, exercise or defence of legal claims.",A-17
A-18,Article 18: Right to Restriction of Processing,Rights of the Data Subject,"The data subject shall have the right to obtain from the controller restriction of processing where one of the following applies: the accuracy of the personal data is contested by the data subject, for a period enabling the controller to verify the accuracy of the personal data; the processing is unlawful and the data subject opposes the erasure of the personal data and requests the restriction of their use instead; the controller no longer needs the personal data for the purposes of the processing, but they are required by the data subject for the establishment, exercise or defence of legal claims; the data subject has objected to processing pursuant to Article 21 (1) pending the verification whether the legitimate grounds of the controller override those of the data subject. Where processing has been restricted under paragraph 1, such personal data shall, with the exception of storage, only be processed with the data subject’s consent or for the establishment, exercise or defence of legal claims or for the protection of the rights of another natural or legal person or for reasons of important public interest of the Union or of a Member State. A data subject who has obtained restriction of processing pursuant to paragraph 1 shall be informed by the controller before the restriction of processing is lifted.",A-18
A-19,Article 19: Notification Obligation Regarding Rectification or Erasure of Personal Data or Restriction of Processing,Rights of the Data Subject,"1 The controller shall communicate any rectification or erasure of personal data or restriction of processing carried out in accordance with Article 16 , Article 17 (1) and Article 18 to each recipient to whom the personal data have been disclosed, unless this proves impossible or involves disproportionate effort. 2 The controller shall inform the data subject about those recipients if the data subject requests it.",A-19
A-20,Article 20: Right to Data Portability,Rights of the Data Subject,"The data subject shall have the right to receive the personal data concerning him or her, which he or she has provided to a controller, in a structured, commonly used and machine-readable format and have the right to transmit those data to another controller without hindrance from the controller to which the personal data have been provided, where: the processing is based on consent pursuant to point (a) of Article 6 (1) or point (a) of Article 9 (2) or on a contract pursuant to point (b) of Article 6 (1); and the processing is carried out by automated means. In exercising his or her right to data portability pursuant to paragraph 1, the data subject shall have the right to have the personal data transmitted directly from one controller to another, where technically feasible. 1 The exercise of the right referred to in paragraph 1 of this Article shall be without prejudice to Article 17 . 2 That right shall not apply to processing necessary for the performance of a task carried out in the public interest or in the exercise of official authority vested in the controller. The right referred to in paragraph 1 shall not adversely affect the rights and freedoms of others.",A-20
A-21,Article 21: Right to Object,Rights of the Data Subject,"1 The data subject shall have the right to object, on grounds relating to his or her particular situation, at any time to processing of personal data concerning him or her which is based on point (e) or (f) of Article 6( 1), including profiling based on those provisions. 2 The controller shall no longer process the personal data unless the controller demonstrates compelling legitimate grounds for the processing which override the interests, rights and freedoms of the data subject or for the establishment, exercise or defence of legal claims. Where personal data are processed for direct marketing purposes, the data subject shall have the right to object at any time to processing of personal data concerning him or her for such marketing, which includes profiling to the extent that it is related to such direct marketing. Where the data subject objects to processing for direct marketing purposes, the personal data shall no longer be processed for such purposes. At the latest at the time of the first communication with the data subject, the right referred to in paragraphs 1 and 2 shall be explicitly brought to the attention of the data subject and shall be presented clearly and separately from any other information. In the context of the use of information society services, and notwithstanding Directive 2002/58/EC , the data subject may exercise his or her right to object by automated means using technical specifications. Where personal data are processed for scientific or historical research purposes or statistical purposes pursuant to Article 89( 1), the data subject, on grounds relating to his or her particular situation, shall have the right to object to processing of personal data concerning him or her, unless the processing is necessary for the performance of a task carried out for reasons of public interest.",A-21
A-22,"Article 22: Automated Individual Decision Making, Including Profiling",Rights of the Data Subject,"The data subject shall have the right not to be subject to a decision based solely on automated processing, including profiling, which produces legal effects concerning him or her or similarly significantly affects him or her. Paragraph 1 shall not apply if the decision: is necessary for entering into, or performance of, a contract between the data subject and a data controller; is authorised by Union or Member State law to which the controller is subject and which also lays down suitable measures to safeguard the data subject’s rights and freedoms and legitimate interests; or is based on the data subject’s explicit consent. In the cases referred to in points (a) and (c) of paragraph 2, the data controller shall implement suitable measures to safeguard the data subject’s rights and freedoms and legitimate interests, at least the right to obtain human intervention on the part of the controller, to express his or her point of view and to contest the decision. Decisions referred to in paragraph 2 shall not be based on special categories of personal data referred to in Article 9 (1), unless point (a) or (g) of Article 9 (2) applies and suitable measures to safeguard the data subject’s rights and freedoms and legitimate interests are in place.",A-22
A-24,Article 24: Responsibility of the Controller,Controller and Processor,"1 Taking into account the nature, scope, context and purposes of processing as well as the risks of varying likelihood and severity for the rights and freedoms of natural persons, the controller shall implement appropriate technical and organisational measures to ensure and to be able to demonstrate that processing is performed in accordance with this Regulation. 2 Those measures shall be reviewed and updated where necessary. Where proportionate in relation to processing activities, the measures referred to in paragraph 1 shall include the implementation of appropriate data protection policies by the controller. Adherence to approved codes of conduct as referred to in Article 40 or approved certification mechanisms as referred to in Article 42 may be used as an element by which to demonstrate compliance with the obligations of the controller.",A-24
A-25,Article 25: Data Protection by Design and by Default,Controller and Processor,"Taking into account the state of the art, the cost of implementation and the nature, scope, context and purposes of processing as well as the risks of varying likelihood and severity for rights and freedoms of natural persons posed by the processing, the controller shall, both at the time of the determination of the means for processing and at the time of the processing itself, implement appropriate technical and organisational measures, such as pseudonymisation, which are designed to implement data-protection principles, such as data minimisation, in an effective manner and to integrate the necessary safeguards into the processing in order to meet the requirements of this Regulation and protect the rights of data subjects. 1 The controller shall implement appropriate technical and organisational measures for ensuring that, by default, only personal data which are necessary for each specific purpose of the processing are processed. 2 That obligation applies to the amount of personal data collected, the extent of their processing, the period of their storage and their accessibility. 3 In particular, such measures shall ensure that by default personal data are not made accessible without the individual’s intervention to an indefinite number of natural persons. An approved certification mechanism pursuant to Article 42 may be used as an element to demonstrate compliance with the requirements set out in paragraphs 1 and 2 of this Article.",A-25
A-26,Article 26: Joint Controllers,Controller and Processor,"1 Where two or more controllers jointly determine the purposes and means of processing, they shall be joint controllers. 2 They shall in a transparent manner determine their respective responsibilities for compliance with the obligations under this Regulation, in particular as regards the exercising of the rights of the data subject and their respective duties to provide the information referred to in Articles 13 and 14 , by means of an arrangement between them unless, and in so far as, the respective responsibilities of the controllers are determined by Union or Member State law to which the controllers are subject. 3 The arrangement may designate a contact point for data subjects. 1 The arrangement referred to in paragraph 1 shall duly reflect the respective roles and relationships of the joint controllers vis-à-vis the data subjects. 2 The essence of the arrangement shall be made available to the data subject. Irrespective of the terms of the arrangement referred to in paragraph 1, the data subject may exercise his or her rights under this Regulation in respect of and against each of the controllers.",A-26
A-27,Article 27: Representatives of Controllers or Processors not Established in the Union,Controller and Processor,"Where Article 3 (2) applies, the controller or the processor shall designate in writing a representative in the Union. The obligation laid down in paragraph 1 of this Article shall not apply to: processing which is occasional, does not include, on a large scale, processing of special categories of data as referred to in Article 9 (1) or processing of personal data relating to criminal convictions and offences referred to in Article 10 , and is unlikely to result in a risk to the rights and freedoms of natural persons, taking into account the nature, context, scope and purposes of the processing; or a public authority or body. The representative shall be established in one of the Member States where the data subjects, whose personal data are processed in relation to the offering of goods or services to them, or whose behaviour is monitored, are. The representative shall be mandated by the controller or processor to be addressed in addition to or instead of the controller or the processor by, in particular, supervisory authorities and data subjects, on all issues related to processing, for the purposes of ensuring compliance with this Regulation. The designation of a representative by the controller or processor shall be without prejudice to legal actions which could be initiated against the controller or the processor themselves.",A-27
A-28,Article 28: Processor,Controller and Processor,"Where processing is to be carried out on behalf of a controller, the controller shall use only processors providing sufficient guarantees to implement appropriate technical and organisational measures in such a manner that processing will meet the requirements of this Regulation and ensure the protection of the rights of the data subject. 1 The processor shall not engage another processor without prior specific or general written authorisation of the controller. 2 In the case of general written authorisation, the processor shall inform the controller of any intended changes concerning the addition or replacement of other processors, thereby giving the controller the opportunity to object to such changes. 1 Processing by a processor shall be governed by a contract or other legal act under Union or Member State law, that is binding on the processor with regard to the controller and that sets out the subject-matter and duration of the processing, the nature and purpose of the processing, the type of personal data and categories of data subjects and the obligations and rights of the controller. 2 That contract or other legal act shall stipulate, in particular, that the processor: processes the personal data only on documented instructions from the controller, including with regard to transfers of personal data to a third country or an international organisation, unless required to do so by Union or Member State law to which the processor is subject; in such a case, the processor shall inform the controller of that legal requirement before processing, unless that law prohibits such information on important grounds of public interest; ensures that persons authorised to process the personal data have committed themselves to confidentiality or are under an appropriate statutory obligation of confidentiality; takes all measures required pursuant to Article 32 ; respects the conditions referred to in paragraphs 2 and 4 for engaging another processor; taking into account the nature of the processing, assists the controller by appropriate technical and organisational measures, insofar as this is possible, for the fulfilment of the controller’s obligation to respond to requests for exercising the data subject’s rights laid down in Chapter III; assists the controller in ensuring compliance with the obligations pursuant to Articles 32 to 36 taking into account the nature of processing and the information available to the processor; at the choice of the controller, deletes or returns all the personal data to the controller after the end of the provision of services relating to processing, and deletes existing copies unless Union or Member State law requires storage of the personal data; makes available to the controller all information necessary to demonstrate compliance with the obligations laid down in this Article and allow for and contribute to audits, including inspections, conducted by the controller or another auditor mandated by the controller. With regard to point (h) of the first subparagraph, the processor shall immediately inform the controller if, in its opinion, an instruction infringes this Regulation or other Union or Member State data protection provisions. 1 Where a processor engages another processor for carrying out specific processing activities on behalf of the controller, the same data protection obligations as set out in the contract or other legal act between the controller and the processor as referred to in paragraph 3 shall be imposed on that other processor by way of a contract or other legal act under Union or Member State law, in particular providing sufficient guarantees to implement appropriate technical and organisational measures in such a manner that the processing will meet the requirements of this Regulation. 2 Where that other processor fails to fulfil its data protection obligations, the initial processor shall remain fully liable to the controller for the performance of that other processor’s obligations. Adherence of a processor to an approved code of conduct as referred to in Article 40 or an approved certification mechanism as referred to in Article 42 may be used as an element by which to demonstrate sufficient guarantees as referred to in paragraphs 1 and 4 of this Article. Without prejudice to an individual contract between the controller and the processor, the contract or the other legal act referred to in paragraphs 3 and 4 of this Article may be based, in whole or in part, on standard contractual clauses referred to in paragraphs 7 and 8 of this Article, including when they are part of a certification granted to the controller or processor pursuant to Articles 42 and 43 . The Commission may lay down standard contractual clauses for the matters referred to in paragraph 3 and 4 of this Article and in accordance with the examination procedure referred to in Article 93 (2). A supervisory authority may adopt standard contractual clauses for the matters referred to in paragraph 3 and 4 of this Article and in accordance with the consistency mechanism referred to in Article 63 . The contract or the other legal act referred to in paragraphs 3 and 4 shall be in writing, including in electronic form. Without prejudice to Articles 82 , 83 and 84 , if a processor infringes this Regulation by determining the purposes and means of processing, the processor shall be considered to be a controller in respect of that processing.",A-28
A-29,Article 29: Processing Under the Authority of the Controller or Processor,Controller and Processor,"The processor and any person acting under the authority of the controller or of the processor, who has access to personal data, shall not process those data except on instructions from the controller, unless required to do so by Union or Member State law.",A-29
A-30,Article 30: Records of Processing Activities,Controller and Processor,"1 Each controller and, where applicable, the controller’s representative, shall maintain a record of processing activities under its responsibility. 2 That record shall contain all of the following information: the name and contact details of the controller and, where applicable, the joint controller, the controller’s representative and the data protection officer; the purposes of the processing; a description of the categories of data subjects and of the categories of personal data; the categories of recipients to whom the personal data have been or will be disclosed including recipients in third countries or international organisations; where applicable, transfers of personal data to a third country or an international organisation, including the identification of that third country or international organisation and, in the case of transfers referred to in the second subparagraph of Article 49 (1), the documentation of suitable safeguards; where possible, the envisaged time limits for erasure of the different categories of data; where possible, a general description of the technical and organisational security measures referred to in Article 32 (1). Each processor and, where applicable, the processor’s representative shall maintain a record of all categories of processing activities carried out on behalf of a controller, containing: the name and contact details of the processor or processors and of each controller on behalf of which the processor is acting, and, where applicable, of the controller’s or the processor’s representative, and the data protection officer; the categories of processing carried out on behalf of each controller; where applicable, transfers of personal data to a third country or an international organisation, including the identification of that third country or international organisation and, in the case of transfers referred to in the second subparagraph of Article 49 (1), the documentation of suitable safeguards; where possible, a general description of the technical and organisational security measures referred to in Article 32 (1). The records referred to in paragraphs 1 and 2 shall be in writing, including in electronic form. The controller or the processor and, where applicable, the controller’s or the processor’s representative, shall make the record available to the supervisory authority on request. The obligations referred to in paragraphs 1 and 2 shall not apply to an enterprise or an organisation employing fewer than 250 persons unless the processing it carries out is likely to result in a risk to the rights and freedoms of data subjects, the processing is not occasional, or the processing includes special categories of data as referred to in Article 9 (1) or personal data relating to criminal convictions and offences referred to in Article 10 .",A-30
A-31,Article 31: Cooperation with the Supervisory Authority,Controller and Processor,"The controller and the processor and, where applicable, their representatives, shall cooperate, on request, with the supervisory authority in the performance of its tasks.",A-31
A-32,Article 32: Security of Processing,Controller and Processor,"Taking into account the state of the art, the costs of implementation and the nature, scope, context and purposes of processing as well as the risk of varying likelihood and severity for the rights and freedoms of natural persons, the controller and the processor shall implement appropriate technical and organisational measures to ensure a level of security appropriate to the risk, including inter alia as appropriate: the pseudonymisation and encryption of personal data; the ability to ensure the ongoing confidentiality, integrity, availability and resilience of processing systems and services; the ability to restore the availability and access to personal data in a timely manner in the event of a physical or technical incident; a process for regularly testing, assessing and evaluating the effectiveness of technical and organisational measures for ensuring the security of the processing. In assessing the appropriate level of security account shall be taken in particular of the risks that are presented by processing, in particular from accidental or unlawful destruction, loss, alteration, unauthorised disclosure of, or access to personal data transmitted, stored or otherwise processed. Adherence to an approved code of conduct as referred to in Article 40 or an approved certification mechanism as referred to in Article 42 may be used as an element by which to demonstrate compliance with the requirements set out in paragraph 1 of this Article. The controller and processor shall take steps to ensure that any natural person acting under the authority of the controller or the processor who has access to personal data does not process them except on instructions from the controller, unless he or she is required to do so by Union or Member State law.",A-32
A-33,Article 33: Notification of a Personal Data Breach to the Supervisory Authority,Controller and Processor,"1 In the case of a personal data breach, the controller shall without undue delay and, where feasible, not later than 72 hours after having become aware of it, notify the personal data breach to the supervisory authority competent in accordance with Article 55 , unless the personal data breach is unlikely to result in a risk to the rights and freedoms of natural persons. 2 Where the notification to the supervisory authority is not made within 72 hours, it shall be accompanied by reasons for the delay. The processor shall notify the controller without undue delay after becoming aware of a personal data breach. The notification referred to in paragraph 1 shall at least: describe the nature of the personal data breach including where possible, the categories and approximate number of data subjects concerned and the categories and approximate number of personal data records concerned; communicate the name and contact details of the data protection officer or other contact point where more information can be obtained; describe the likely consequences of the personal data breach; describe the measures taken or proposed to be taken by the controller to address the personal data breach, including, where appropriate, measures to mitigate its possible adverse effects. Where, and in so far as, it is not possible to provide the information at the same time, the information may be provided in phases without undue further delay. 1 The controller shall document any personal data breaches, comprising the facts relating to the personal data breach, its effects and the remedial action taken. 2 That documentation shall enable the supervisory authority to verify compliance with this Article.",A-33
A-34,Article 34: Communication of a Personal Breach to the Data Subject,Controller and Processor,"When the personal data breach is likely to result in a high risk to the rights and freedoms of natural persons, the controller shall communicate the personal data breach to the data subject without undue delay. The communication to the data subject referred to in paragraph 1 of this Article shall describe in clear and plain language the nature of the personal data breach and contain at least the information and measures referred to in points (b), (c) and (d) of Article 33 (3). The communication to the data subject referred to in paragraph 1 shall not be required if any of the following conditions are met: the controller has implemented appropriate technical and organisational protection measures, and those measures were applied to the personal data affected by the personal data breach, in particular those that render the personal data unintelligible to any person who is not authorised to access it, such as encryption; the controller has taken subsequent measures which ensure that the high risk to the rights and freedoms of data subjects referred to in paragraph 1 is no longer likely to materialise; it would involve disproportionate effort. In such a case, there shall instead be a public communication or similar measure whereby the data subjects are informed in an equally effective manner. If the controller has not already communicated the personal data breach to the data subject, the supervisory authority, having considered the likelihood of the personal data breach resulting in a high risk, may require it to do so or may decide that any of the conditions referred to in paragraph 3 are met.",A-34
A-35,Article 35: Data Protection Impact Assessment,Controller and Processor,"1 Where a type of processing in particular using new technologies, and taking into account the nature, scope, context and purposes of the processing, is likely to result in a high risk to the rights and freedoms of natural persons, the controller shall, prior to the processing, carry out an assessment of the impact of the envisaged processing operations on the protection of personal data. 2 A single assessment may address a set of similar processing operations that present similar high risks. The controller shall seek the advice of the data protection officer, where designated, when carrying out a data protection impact assessment. A data protection impact assessment referred to in paragraph 1 shall in particular be required in the case of: a systematic and extensive evaluation of personal aspects relating to natural persons which is based on automated processing, including profiling, and on which decisions are based that produce legal effects concerning the natural person or similarly significantly affect the natural person; processing on a large scale of special categories of data referred to in Article 9 (1), or of personal data relating to criminal convictions and offences referred to in Article 10 ; or a systematic monitoring of a publicly accessible area on a large scale. 1 The supervisory authority shall establish and make public a list of the kind of processing operations which are subject to the requirement for a data protection impact assessment pursuant to paragraph 1. 2 The supervisory authority shall communicate those lists to the Board referred to in Article 68 . 1 The supervisory authority may also establish and make public a list of the kind of processing operations for which no data protection impact assessment is required. 2 The supervisory authority shall communicate those lists to the Board. Prior to the adoption of the lists referred to in paragraphs 4 and 5, the competent supervisory authority shall apply the consistency mechanism referred to in Article 63 where such lists involve processing activities which are related to the offering of goods or services to data subjects or to the monitoring of their behaviour in several Member States, or may substantially affect the free movement of personal data within the Union. The assessment shall contain at least: a systematic description of the envisaged processing operations and the purposes of the processing, including, where applicable, the legitimate interest pursued by the controller; an assessment of the necessity and proportionality of the processing operations in relation to the purposes; an assessment of the risks to the rights and freedoms of data subjects referred to in paragraph 1; and the measures envisaged to address the risks, including safeguards, security measures and mechanisms to ensure the protection of personal data and to demonstrate compliance with this Regulation taking into account the rights and legitimate interests of data subjects and other persons concerned. Compliance with approved codes of conduct referred to in Article 40 by the relevant controllers or processors shall be taken into due account in assessing the impact of the processing operations performed by such controllers or processors, in particular for the purposes of a data protection impact assessment. Where appropriate, the controller shall seek the views of data subjects or their representatives on the intended processing, without prejudice to the protection of commercial or public interests or the security of processing operations. Where processing pursuant to point (c) or (e) of Article 6 (1) has a legal basis in Union law or in the law of the Member State to which the controller is subject, that law regulates the specific processing operation or set of operations in question, and a data protection impact assessment has already been carried out as part of a general impact assessment in the context of the adoption of that legal basis, paragraphs 1 to 7 shall not apply unless Member States deem it to be necessary to carry out such an assessment prior to processing activities. Where necessary, the controller shall carry out a review to assess if processing is performed in accordance with the data protection impact assessment at least when there is a change of the risk represented by processing operations.",A-35
A-36,Article 36: Prior Consultation,Controller and Processor,"The controller shall consult the supervisory authority prior to processing where a data protection impact assessment under Article 35 indicates that the processing would result in a high risk in the absence of measures taken by the controller to mitigate the risk. 1 Where the supervisory authority is of the opinion that the intended processing referred to in paragraph 1 would infringe this Regulation, in particular where the controller has insufficiently identified or mitigated the risk, the supervisory authority shall, within period of up to eight weeks of receipt of the request for consultation, provide written advice to the controller and, where applicable to the processor, and may use any of its powers referred to in Article 58 . 2 That period may be extended by six weeks, taking into account the complexity of the intended processing. 3 The supervisory authority shall inform the controller and, where applicable, the processor, of any such extension within one month of receipt of the request for consultation together with the reasons for the delay. 4 Those periods may be suspended until the supervisory authority has obtained information it has requested for the purposes of the consultation. When consulting the supervisory authority pursuant to paragraph 1, the controller shall provide the supervisory authority with: where applicable, the respective responsibilities of the controller, joint controllers and processors involved in the processing, in particular for processing within a group of undertakings; the purposes and means of the intended processing; the measures and safeguards provided to protect the rights and freedoms of data subjects pursuant to this Regulation; where applicable, the contact details of the data protection officer; the data protection impact assessment provided for in Article 35 ; and any other information requested by the supervisory authority. Member States shall consult the supervisory authority during the preparation of a proposal for a legislative measure to be adopted by a national parliament, or of a regulatory measure based on such a legislative measure, which relates to processing. Notwithstanding paragraph 1, Member State law may require controllers to consult with, and obtain prior authorisation from, the supervisory authority in relation to processing by a controller for the performance of a task carried out by the controller in the public interest, including processing in relation to social protection and public health.",A-36
A-37,Article 37: Designation of the Data Protection Officer,Controller and Processor,"The controller and the processor shall designate a data protection officer in any case where: the processing is carried out by a public authority or body, except for courts acting in their judicial capacity; the core activities of the controller or the processor consist of processing operations which, by virtue of their nature, their scope and/or their purposes, require regular and systematic monitoring of data subjects on a large scale; or the core activities of the controller or the processor consist of processing on a large scale of special categories of data pursuant to Article 9 or personal data relating to criminal convictions and offences referred to in Article 10 . A group of undertakings may appoint a single data protection officer provided that a data protection officer is easily accessible from each establishment. Where the controller or the processor is a public authority or body, a single data protection officer may be designated for several such authorities or bodies, taking account of their organisational structure and size. 1 In cases other than those referred to in paragraph 1, the controller or processor or associations and other bodies representing categories of controllers or processors may or, where required by Union or Member State law shall, designate a data protection officer. 2 The data protection officer may act for such associations and other bodies representing controllers or processors. The data protection officer shall be designated on the basis of professional qualities and, in particular, expert knowledge of data protection law and practices and the ability to fulfil the tasks referred to in Article 39 . The data protection officer may be a staff member of the controller or processor, or fulfil the tasks on the basis of a service contract. The controller or the processor shall publish the contact details of the data protection officer and communicate them to the supervisory authority.",A-37
A-38,Article 38: Position of the Data Protection Officer,Controller and Processor,"The controller and the processor shall ensure that the data protection officer is involved, properly and in a timely manner, in all issues which relate to the protection of personal data. The controller and processor shall support the data protection officer in performing the tasks referred to in Article 39 by providing resources necessary to carry out those tasks and access to personal data and processing operations, and to maintain his or her expert knowledge. 1 The controller and processor shall ensure that the data protection officer does not receive any instructions regarding the exercise of those tasks. 2 He or she shall not be dismissed or penalised by the controller or the processor for performing his tasks. 3 The data protection officer shall directly report to the highest management level of the controller or the processor. Data subjects may contact the data protection officer with regard to all issues related to processing of their personal data and to the exercise of their rights under this Regulation. The data protection officer shall be bound by secrecy or confidentiality concerning the performance of his or her tasks, in accordance with Union or Member State law. 1 The data protection officer may fulfil other tasks and duties. 2 The controller or processor shall ensure that any such tasks and duties do not result in a conflict of interests.",A-38
A-39,Article 39: Tasks of the Data Protection Officer,Controller and Processor,"The data protection officer shall have at least the following tasks: to inform and advise the controller or the processor and the employees who carry out processing of their obligations pursuant to this Regulation and to other Union or Member State data protection provisions; to monitor compliance with this Regulation, with other Union or Member State data protection provisions and with the policies of the controller or processor in relation to the protection of personal data, including the assignment of responsibilities, awareness-raising and training of staff involved in processing operations, and the related audits; to provide advice where requested as regards the data protection impact assessment and monitor its performance pursuant to Article 35 ; to cooperate with the supervisory authority; to act as the contact point for the supervisory authority on issues relating to processing, including the prior consultation referred to in Article 36 , and to consult, where appropriate, with regard to any other matter. The data protection officer shall in the performance of his or her tasks have due regard to the risk associated with processing operations, taking into account the nature, scope, context and purposes of processing.",A-39
A-40,Article 40: Codes of Conduct,Controller and Processor,"The Member States, the supervisory authorities, the Board and the Commission shall encourage the drawing up of codes of conduct intended to contribute to the proper application of this Regulation, taking account of the specific features of the various processing sectors and the specific needs of micro, small and medium-sized enterprises. Associations and other bodies representing categories of controllers or processors may prepare codes of conduct, or amend or extend such codes, for the purpose of specifying the application of this Regulation, such as with regard to: fair and transparent processing; the legitimate interests pursued by controllers in specific contexts; the collection of personal data; the pseudonymisation of personal data; the information provided to the public and to data subjects; the exercise of the rights of data subjects; the information provided to, and the protection of, children, and the manner in which the consent of the holders of parental responsibility over children is to be obtained; the measures and procedures referred to in Articles 24 and 25 and the measures to ensure security of processing referred to in Article 32 ; the notification of personal data breaches to supervisory authorities and the communication of such personal data breaches to data subjects; the transfer of personal data to third countries or international organisations; or out-of-court proceedings and other dispute resolution procedures for resolving disputes between controllers and data subjects with regard to processing, without prejudice to the rights of data subjects pursuant to Articles 77 and 79 . 1 In addition to adherence by controllers or processors subject to this Regulation, codes of conduct approved pursuant to paragraph 5 of this Article and having general validity pursuant to paragraph 9 of this Article may also be adhered to by controllers or processors that are not subject to this Regulation pursuant to Article 3 in order to provide appropriate safeguards within the framework of personal data transfers to third countries or international organisations under the terms referred to in point (e) of Article 46 (2). 2 Such controllers or processors shall make binding and enforceable commitments, via contractual or other legally binding instruments, to apply those appropriate safeguards including with regard to the rights of data subjects. A code of conduct referred to in paragraph 2 of this Article shall contain mechanisms which enable the body referred to in Article 41 (1) to carry out the mandatory monitoring of compliance with its provisions by the controllers or processors which undertake to apply it, without prejudice to the tasks and powers of supervisory authorities competent pursuant to Article 55 or 56 . 1 Associations and other bodies referred to in paragraph 2 of this Article which intend to prepare a code of conduct or to amend or extend an existing code shall submit the draft code, amendment or extension to the supervisory authority which is competent pursuant to Article 55 . 2 The supervisory authority shall provide an opinion on whether the draft code, amendment or extension complies with this Regulation and shall approve that draft code, amendment or extension if it finds that it provides sufficient appropriate safeguards. Where the draft code, or amendment or extension is approved in accordance with paragraph 5, and where the code of conduct concerned does not relate to processing activities in several Member States, the supervisory authority shall register and publish the code. Where a draft code of conduct relates to processing activities in several Member States, the supervisory authority which is competent pursuant to Article 55 shall, before approving the draft code, amendment or extension, submit it in the procedure referred to in Article 63 to the Board which shall provide an opinion on whether the draft code, amendment or extension complies with this Regulation or, in the situation referred to in paragraph 3 of this Article, provides appropriate safeguards. Where the opinion referred to in paragraph 7 confirms that the draft code, amendment or extension complies with this Regulation, or, in the situation referred to in paragraph 3, provides appropriate safeguards, the Board shall submit its opinion to the Commission. 1 The Commission may, by way of implementing acts, decide that the approved code of conduct, amendment or extension submitted to it pursuant to paragraph 8 of this Article have general validity within the Union. 2 Those implementing acts shall be adopted in accordance with the examination procedure set out in Article 93 (2). The Commission shall ensure appropriate publicity for the approved codes which have been decided as having general validity in accordance with paragraph 9. The Board shall collate all approved codes of conduct, amendments and extensions in a register and shall make them publicly available by way of appropriate means.",A-40
A-41,Article 41: Monitoring of Approved Codes of Conduct,Controller and Processor,"Without prejudice to the tasks and powers of the competent supervisory authority under Articles 57 and 58 , the monitoring of compliance with a code of conduct pursuant to Article 40 may be carried out by a body which has an appropriate level of expertise in relation to the subject-matter of the code and is accredited for that purpose by the competent supervisory authority. A body as referred to in paragraph 1 may be accredited to monitor compliance with a code of conduct where that body has: demonstrated its independence and expertise in relation to the subject-matter of the code to the satisfaction of the competent supervisory authority; established procedures which allow it to assess the eligibility of controllers and processors concerned to apply the code, to monitor their compliance with its provisions and to periodically review its operation; established procedures and structures to handle complaints about infringements of the code or the manner in which the code has been, or is being, implemented by a controller or processor, and to make those procedures and structures transparent to data subjects and the public; and demonstrated to the satisfaction of the competent supervisory authority that its tasks and duties do not result in a conflict of interests. The competent supervisory authority shall submit the draft requirements for accreditation of a body as referred to in paragraph 1 of this Article to the Board pursuant to the consistency mechanism referred to in Article 63 . 1 Without prejudice to the tasks and powers of the competent supervisory authority and the provisions of Chapter VIII , a body as referred to in paragraph 1 of this Article shall, subject to appropriate safeguards, take appropriate action in cases of infringement of the code by a controller or processor, including suspension or exclusion of the controller or processor concerned from the code. 2 It shall inform the competent supervisory authority of such actions and the reasons for taking them. The competent supervisory authority shall revoke the accreditation of a body as referred to in paragraph 1 if the requirements for accreditation are not, or are no longer, met or where actions taken by the body infringe this Regulation. This Article shall not apply to processing carried out by public authorities and bodies.",A-41
A-42,Article 42: Certification,Controller and Processor,"1 The Member States, the supervisory authorities, the Board and the Commission shall encourage, in particular at Union level, the establishment of data protection certification mechanisms and of data protection seals and marks, for the purpose of demonstrating compliance with this Regulation of processing operations by controllers and processors. 2 The specific needs of micro, small and medium-sized enterprises shall be taken into account. 1 In addition to adherence by controllers or processors subject to this Regulation, data protection certification mechanisms, seals or marks approved pursuant to paragraph 5 of this Article may be established for the purpose of demonstrating the existence of appropriate safeguards provided by controllers or processors that are not subject to this Regulation pursuant to Article 3 within the framework of personal data transfers to third countries or international organisations under the terms referred to in point (f) of Article 46 (2). 2 Such controllers or processors shall make binding and enforceable commitments, via contractual or other legally binding instruments, to apply those appropriate safeguards, including with regard to the rights of data subjects. The certification shall be voluntary and available via a process that is transparent. A certification pursuant to this Article does not reduce the responsibility of the controller or the processor for compliance with this Regulation and is without prejudice to the tasks and powers of the supervisory authorities which are competent pursuant to Article 55 or 56 . 1 A certification pursuant to this Article shall be issued by the certification bodies referred to in Article 43 or by the competent supervisory authority, on the basis of criteria approved by that competent supervisory authority pursuant to Article 58 (3) or by the Board pursuant to Article 63 . 2 Where the criteria are approved by the Board, this may result in a common certification, the European Data Protection Seal. The controller or processor which submits its processing to the certification mechanism shall provide the certification body referred to in Article 43 , or where applicable, the competent supervisory authority, with all information and access to its processing activities which are necessary to conduct the certification procedure. 1 Certification shall be issued to a controller or processor for a maximum period of three years and may be renewed, under the same conditions, provided that the relevant criteria continue to be met. 2 Certification shall be withdrawn, as applicable, by the certification bodies referred to in Article 43 or by the competent supervisory authority where the criteria for the certification are not or are no longer met. The Board shall collate all certification mechanisms and data protection seals and marks in a register and shall make them publicly available by any appropriate means.",A-42
A-44,Article 44: General Principle for Transfers,Transfers of Personal Data to Third Countries or International Organizations,"1 Any transfer of personal data which are undergoing processing or are intended for processing after transfer to a third country or to an international organisation shall take place only if, subject to the other provisions of this Regulation, the conditions laid down in this Chapter are complied with by the controller and processor, including for onward transfers of personal data from the third country or an international organisation to another third country or to another international organisation. 2 All provisions in this Chapter shall be applied in order to ensure that the level of protection of natural persons guaranteed by this Regulation is not undermined.",A-44
A-45,Article 45: Transfers on the Basis of an Adequacy Decision,Transfers of Personal Data to Third Countries or International Organizations,"1 A transfer of personal data to a third country or an international organisation may take place where the Commission has decided that the third country, a territory or one or more specified sectors within that third country, or the international organisation in question ensures an adequate level of protection. 2 Such a transfer shall not require any specific authorisation. When assessing the adequacy of the level of protection, the Commission shall, in particular, take account of the following elements: the rule of law, respect for human rights and fundamental freedoms, relevant legislation, both general and sectoral, including concerning public security, defence, national security and criminal law and the access of public authorities to personal data, as well as the implementation of such legislation, data protection rules, professional rules and security measures, including rules for the onward transfer of personal data to another third country or international organisation which are complied with in that country or international organisation, case-law, as well as effective and enforceable data subject rights and effective administrative and judicial redress for the data subjects whose personal data are being transferred; the existence and effective functioning of one or more independent supervisory authorities in the third country or to which an international organisation is subject, with responsibility for ensuring and enforcing compliance with the data protection rules, including adequate enforcement powers, for assisting and advising the data subjects in exercising their rights and for cooperation with the supervisory authorities of the Member States; and the international commitments the third country or international organisation concerned has entered into, or other obligations arising from legally binding conventions or instruments as well as from its participation in multilateral or regional systems, in particular in relation to the protection of personal data. 1 The Commission, after assessing the adequacy of the level of protection, may decide, by means of implementing act, that a third country, a territory or one or more specified sectors within a third country, or an international organisation ensures an adequate level of protection within the meaning of paragraph 2 of this Article. 2 The implementing act shall provide for a mechanism for a periodic review, at least every four years, which shall take into account all relevant developments in the third country or international organisation. 3 The implementing act shall specify its territorial and sectoral application and, where applicable, identify the supervisory authority or authorities referred to in point (b) of paragraph 2 of this Article. 4 The implementing act shall be adopted in accordance with the examination procedure referred to in Article 93 (2). The Commission shall, on an ongoing basis, monitor developments in third countries and international organisations that could affect the functioning of decisions adopted pursuant to paragraph 3 of this Article and decisions adopted on the basis of Article 25(6) of Directive 95/46/EC . 1 The Commission shall, where available information reveals, in particular following the review referred to in paragraph 3 of this Article, that a third country, a territory or one or more specified sectors within a third country, or an international organisation no longer ensures an adequate level of protection within the meaning of paragraph 2 of this Article, to the extent necessary, repeal, amend or suspend the decision referred to in paragraph 3 of this Article by means of implementing acts without retro-active effect. 2 Those implementing acts shall be adopted in accordance with the examination procedure referred to in Article 93 (2). 3 On duly justified imperative grounds of urgency, the Commission shall adopt immediately applicable implementing acts in accordance with the procedure referred to in Article 93 (3). The Commission shall enter into consultations with the third country or international organisation with a view to remedying the situation giving rise to the decision made pursuant to paragraph 5. A decision pursuant to paragraph 5 of this Article is without prejudice to transfers of personal data to the third country, a territory or one or more specified sectors within that third country, or the international organisation in question pursuant to Articles 46 to 49 . The Commission shall publish in the Official Journal of the European Union and on its website a list of the third countries, territories and specified sectors within a third country and international organisations for which it has decided that an adequate level of protection is or is no longer ensured. Decisions adopted by the Commission on the basis of Article 25(6) of Directive 95/46/EC shall remain in force until amended, replaced or repealed by a Commission Decision adopted in accordance with paragraph 3 or 5 of this Article.",A-45
A-46,Article 46: Transfers Subject to Appropriate Safeguards,Transfers of Personal Data to Third Countries or International Organizations,"In the absence of a decision pursuant to Article 45 (3), a controller or processor may transfer personal data to a third country or an international organisation only if the controller or processor has provided appropriate safeguards, and on condition that enforceable data subject rights and effective legal remedies for data subjects are available. The appropriate safeguards referred to in paragraph 1 may be provided for, without requiring any specific authorisation from a supervisory authority, by: a legally binding and enforceable instrument between public authorities or bodies; binding corporate rules in accordance with Article 47 ; standard data protection clauses adopted by the Commission in accordance with the examination procedure referred to in Article 93 (2); standard data protection clauses adopted by a supervisory authority and approved by the Commission pursuant to the examination procedure referred to in Article 93 (2); an approved code of conduct pursuant to Article 40 together with binding and enforceable commitments of the controller or processor in the third country to apply the appropriate safeguards, including as regards data subjects’ rights; or an approved certification mechanism pursuant to Article 42 together with binding and enforceable commitments of the controller or processor in the third country to apply the appropriate safeguards, including as regards data subjects’ rights. Subject to the authorisation from the competent supervisory authority, the appropriate safeguards referred to in paragraph 1 may also be provided for, in particular, by: contractual clauses between the controller or processor and the controller, processor or the recipient of the personal data in the third country or international organisation; or provisions to be inserted into administrative arrangements between public authorities or bodies which include enforceable and effective data subject rights. The supervisory authority shall apply the consistency mechanism referred to in Article 63 in the cases referred to in paragraph 3 of this Article. 1 Authorisations by a Member State or supervisory authority on the basis of Article 26(2) of Directive 95/46/EC shall remain valid until amended, replaced or repealed, if necessary, by that supervisory authority. 2 Decisions adopted by the Commission on the basis of Article 26(4) of Directive 95/46/EC shall remain in force until amended, replaced or repealed, if necessary, by a Commission Decision adopted in accordance with paragraph 2 of this Article.",A-46
A-47,Article 47: Binding Corporate Rules,Transfers of Personal Data to Third Countries or International Organizations,"The competent supervisory authority shall approve binding corporate rules in accordance with the consistency mechanism set out in Article 63 , provided that they: are legally binding and apply to and are enforced by every member concerned of the group of undertakings, or group of enterprises engaged in a joint economic activity, including their employees; expressly confer enforceable rights on data subjects with regard to the processing of their personal data; and fulfil the requirements laid down in paragraph 2. The binding corporate rules referred to in paragraph 1 shall specify at least: the structure and contact details of the group of undertakings, or group of enterprises engaged in a joint economic activity and of each of its members; the data transfers or set of transfers, including the categories of personal data, the type of processing and its purposes, the type of data subjects affected and the identification of the third country or countries in question; their legally binding nature, both internally and externally; the application of the general data protection principles, in particular purpose limitation, data minimisation, limited storage periods, data quality, data protection by design and by default, legal basis for processing, processing of special categories of personal data, measures to ensure data security, and the requirements in respect of onward transfers to bodies not bound by the binding corporate rules; the rights of data subjects in regard to processing and the means to exercise those rights, including the right not to be subject to decisions based solely on automated processing, including profiling in accordance with Article 22 , the right to lodge a complaint with the competent supervisory authority and before the competent courts of the Member States in accordance with Article 79 , and to obtain redress and, where appropriate, compensation for a breach of the binding corporate rules; the acceptance by the controller or processor established on the territory of a Member State of liability for any breaches of the binding corporate rules by any member concerned not established in the Union; the controller or the processor shall be exempt from that liability, in whole or in part, only if it proves that that member is not responsible for the event giving rise to the damage; how the information on the binding corporate rules, in particular on the provisions referred to in points (d), (e) and (f) of this paragraph is provided to the data subjects in addition to Articles 13 and 14 ; the tasks of any data protection officer designated in accordance with Article 37 or any other person or entity in charge of the monitoring compliance with the binding corporate rules within the group of undertakings, or group of enterprises engaged in a joint economic activity, as well as monitoring training and complaint-handling; the complaint procedures; the mechanisms within the group of undertakings, or group of enterprises engaged in a joint economic activity for ensuring the verification of compliance with the binding corporate rules. Such mechanisms shall include data protection audits and methods for ensuring corrective actions to protect the rights of the data subject. Results of such verification should be communicated to the person or entity referred to in point (h) and to the board of the controlling undertaking of a group of undertakings, or of the group of enterprises engaged in a joint economic activity, and should be available upon request to the competent supervisory authority; the mechanisms for reporting and recording changes to the rules and reporting those changes to the supervisory authority; the cooperation mechanism with the supervisory authority to ensure compliance by any member of the group of undertakings, or group of enterprises engaged in a joint economic activity, in particular by making available to the supervisory authority the results of verifications of the measures referred to in point (j); the mechanisms for reporting to the competent supervisory authority any legal requirements to which a member of the group of undertakings, or group of enterprises engaged in a joint economic activity is subject in a third country which are likely to have a substantial adverse effect on the guarantees provided by the binding corporate rules; and the appropriate data protection training to personnel having permanent or regular access to personal data. 1 The Commission may specify the format and procedures for the exchange of information between controllers, processors and supervisory authorities for binding corporate rules within the meaning of this Article. 2 Those implementing acts shall be adopted in accordance with the examination procedure set out in Article 93 (2).",A-47
A-48,Article 48: Transfers or Disclosures not Authorised by Union Law,Transfers of Personal Data to Third Countries or International Organizations,"Any judgment of a court or tribunal and any decision of an administrative authority of a third country requiring a controller or processor to transfer or disclose personal data may only be recognised or enforceable in any manner if based on an international agreement, such as a mutual legal assistance treaty, in force between the requesting third country and the Union or a Member State, without prejudice to other grounds for transfer pursuant to this Chapter.",A-48
A-49,Article 49: Derogations for Specific Situations,Transfers of Personal Data to Third Countries or International Organizations,"1 In the absence of an adequacy decision pursuant to Article 45 (3), or of appropriate safeguards pursuant to Article 46 , including binding corporate rules, a transfer or a set of transfers of personal data to a third country or an international organisation shall take place only on one of the following conditions: the data subject has explicitly consented to the proposed transfer, after having been informed of the possible risks of such transfers for the data subject due to the absence of an adequacy decision and appropriate safeguards; the transfer is necessary for the performance of a contract between the data subject and the controller or the implementation of pre-contractual measures taken at the data subject’s request; the transfer is necessary for the conclusion or performance of a contract concluded in the interest of the data subject between the controller and another natural or legal person; the transfer is necessary for important reasons of public interest; the transfer is necessary for the establishment, exercise or defence of legal claims; the transfer is necessary in order to protect the vital interests of the data subject or of other persons, where the data subject is physically or legally incapable of giving consent; the transfer is made from a register which according to Union or Member State law is intended to provide information to the public and which is open to consultation either by the public in general or by any person who can demonstrate a legitimate interest, but only to the extent that the conditions laid down by Union or Member State law for consultation are fulfilled in the particular case. 2 Where a transfer could not be based on a provision in Article 45 or 46 , including the provisions on binding corporate rules, and none of the derogations for a specific situation referred to in the first subparagraph of this paragraph is applicable, a transfer to a third country or an international organisation may take place only if the transfer is not repetitive, concerns only a limited number of data subjects, is necessary for the purposes of compelling legitimate interests pursued by the controller which are not overridden by the interests or rights and freedoms of the data subject, and the controller has assessed all the circumstances surrounding the data transfer and has on the basis of that assessment provided suitable safeguards with regard to the protection of personal data. 3 The controller shall inform the supervisory authority of the transfer. 4 The controller shall, in addition to providing the information referred to in Articles 13 and 14 , inform the data subject of the transfer and on the compelling legitimate interests pursued. 1 A transfer pursuant to point (g) of the first subparagraph of paragraph 1 shall not involve the entirety of the personal data or entire categories of the personal data contained in the register. 2 Where the register is intended for consultation by persons having a legitimate interest, the transfer shall be made only at the request of those persons or if they are to be the recipients. Points (a), (b) and (c) of the first subparagraph of paragraph 1 and the second subparagraph thereof shall not apply to activities carried out by public authorities in the exercise of their public powers. The public interest referred to in point (d) of the first subparagraph of paragraph 1 shall be recognised in Union law or in the law of the Member State to which the controller is subject. 1 In the absence of an adequacy decision, Union or Member State law may, for important reasons of public interest, expressly set limits to the transfer of specific categories of personal data to a third country or an international organisation. 2 Member States shall notify such provisions to the Commission. The controller or processor shall document the assessment as well as the suitable safeguards referred to in the second subparagraph of paragraph 1 of this Article in the records referred to in Article 30 .",A-49
